step,altitude_m,throttle,reward
0,75.45,0.176,-0.0000
1,75.45,1.000,-0.0000
2,75.45,0.042,-0.0000
3,75.45,1.000,-0.0000
4,75.45,0.000,-0.0000
5,75.45,0.778,-0.0000
6,75.45,0.706,-0.0000
7,75.45,1.000,-0.0000
8,75.45,0.480,-0.0000
9,75.45,0.000,-0.0000
10,75.45,0.000,-0.0000
11,75.45,0.000,-0.0000
12,75.45,0.720,-0.0000
13,75.45,0.000,-0.0000
14,75.45,0.000,-0.0000
15,75.45,0.000,-0.0000
16,75.45,0.000,-0.0000
17,75.45,0.000,-0.0000
18,75.45,0.000,-0.0000
19,75.63,0.325,0.0039
20,75.68,0.000,0.0112
21,75.69,0.000,-0.0015
22,75.66,0.044,-0.0072
23,75.62,0.000,-0.0056
24,75.64,1.000,0.0319
25,75.79,0.000,0.0170
26,75.83,1.000,0.0307
27,76.05,0.000,0.0490
28,76.16,0.000,0.0139
29,76.21,1.000,0.0322
30,76.43,0.000,0.0506
31,76.56,0.008,0.0159
32,76.55,0.221,-0.0046
33,76.55,1.000,0.0233
34,76.81,0.954,0.0929
35,77.34,0.941,0.1595
36,78.06,0.000,0.1749
37,78.68,0.000,0.1398
38,79.16,0.000,0.1047
39,79.50,0.091,0.0744
40,79.73,0.000,0.0442
41,79.83,0.000,0.0090
42,79.78,0.000,-0.0174
43,79.67,1.000,-0.0049
44,79.81,1.000,0.0652
45,80.17,0.000,0.0839
46,80.43,0.121,0.0553
47,80.60,0.144,0.0345
48,80.74,0.840,0.0525
49,81.05,0.354,0.0819
50,81.36,0.000,0.0659
51,81.50,0.761,0.0562
52,81.84,1.000,0.1120
53,82.39,0.000,0.1310
54,82.83,0.000,0.0958
55,83.13,0.006,0.0611
56,83.37,1.000,0.0805
57,83.86,0.943,0.1507
58,84.55,0.000,0.1668
59,85.13,0.000,0.1317
60,85.61,0.435,0.1202
61,86.09,0.000,0.1087
62,86.47,0.395,0.0950
63,86.84,0.000,0.0814
64,87.15,1.000,0.1006
65,87.69,0.430,0.1434
66,88.26,0.000,0.1317
67,88.70,0.010,0.0972
68,89.01,0.000,0.0626
69,89.25,1.000,0.0820
70,89.75,1.000,0.1561
71,90.50,0.313,0.1927
72,91.24,0.000,0.1746
73,91.86,0.000,0.1395
74,92.37,0.442,0.1285
75,92.91,0.428,0.1410
76,93.47,0.000,0.1293
77,93.91,0.000,0.0942
78,94.28,1.000,0.1139
79,94.87,0.472,0.1595
80,95.51,0.000,0.1502
81,96.03,0.000,0.1151
82,96.41,0.000,0.0800
83,96.59,0.975,0.0744
84,97.04,0.414,0.1259
85,97.54,0.110,0.1195
86,98.01,0.756,0.1320
87,98.67,1.000,0.1936
88,99.55,0.000,0.2136
89,100.34,0.325,0.1964
90,101.15,0.552,0.2097
91,102.01,0.000,0.2050
92,102.82,1.000,0.2252
93,103.89,1.000,0.3006
94,105.20,0.000,0.3208
95,106.40,0.000,0.2857
96,107.46,0.000,0.2505
97,108.38,0.000,0.2154
98,109.16,0.000,0.1802
99,109.87,0.954,0.1980
100,110.75,0.000,0.2158
101,111.54,0.000,0.1806
102,112.18,0.113,0.1518
103,112.73,0.000,0.1229
104,113.20,0.823,0.1335
105,113.82,0.240,0.1575
106,114.42,0.000,0.1357
107,114.88,0.040,0.1027
108,115.24,0.364,0.0900
109,115.59,0.000,0.0751
110,115.81,0.000,0.0400
111,115.88,0.000,0.0049
112,115.84,0.302,-0.0090
113,115.76,0.000,-0.0212
114,115.56,0.000,-0.0446
115,115.28,1.000,-0.0309
116,115.20,0.000,-0.0171
117,115.01,0.000,-0.0405
118,114.69,0.000,-0.0640
119,114.22,0.000,-0.0874
120,113.62,0.000,-0.1108
121,112.87,0.000,-0.1342
122,111.98,0.000,-0.1576
123,110.99,0.431,-0.1649
124,110.00,0.000,-0.1723
125,108.93,0.594,-0.1736
126,107.91,0.000,-0.1749
127,106.78,0.000,-0.1982
128,105.58,1.000,-0.1844
129,104.58,0.000,-0.1705
130,103.48,0.000,-0.1939
131,102.23,0.000,-0.2173
132,100.86,0.188,-0.2337
133,99.42,0.059,-0.2478
134,97.93,1.000,-0.2317
135,96.69,0.636,-0.1940
136,95.60,0.429,-0.1777
137,94.53,0.000,-0.1850
138,93.35,0.140,-0.2032
139,92.15,1.000,-0.1839
140,91.15,0.000,-0.1699
141,90.10,0.647,-0.1690
142,89.15,0.332,-0.1558
143,88.27,1.000,-0.1292
144,87.60,0.000,-0.1151
145,86.82,0.000,-0.1385
146,85.91,0.000,-0.1619
147,84.88,0.251,-0.1758
148,83.79,0.000,-0.1898
149,82.57,0.000,-0.2132
150,81.21,0.000,-0.2366
151,79.78,1.000,-0.2224
152,78.55,0.000,-0.2081
153,77.28,0.765,-0.2028
154,76.53,1.000,-0.1770
155,75.58,0.000,-0.1557
156,75.59,0.256,0.0042
157,75.59,0.000,-0.0036
158,75.62,0.689,0.0235
159,75.71,0.000,0.0064
160,75.68,0.190,-0.0079
161,75.62,0.000,-0.0124
162,75.61,0.707,0.0192
163,75.70,0.000,0.0063
164,75.65,0.000,-0.0133
165,75.63,1.000,0.0243
166,75.76,0.000,0.0145
167,75.73,0.000,-0.0126
168,75.62,0.000,-0.0196
169,75.59,0.144,0.0066
170,75.60,0.140,-0.0009
171,75.58,0.000,-0.0012
172,75.59,0.332,0.0079
173,75.61,0.000,-0.0023
174,75.58,0.190,-0.0011
175,75.61,0.618,0.0215
176,75.69,0.000,0.0043
177,75.64,0.000,-0.0136
178,75.62,1.000,0.0248
179,75.76,0.000,0.0148
180,75.74,0.000,-0.0102
181,75.69,0.755,-0.0010
182,75.73,0.000,-0.0014
183,75.70,0.564,0.0028
184,75.79,1.000,0.0426
185,76.06,0.007,0.0627
186,76.23,0.000,0.0280
0,75.45,0.323,0.0000
1,75.45,0.735,0.0000
2,75.45,0.000,0.0000
3,75.45,0.956,0.0000
4,75.45,0.000,0.0000
5,75.45,1.000,0.0000
6,75.45,0.000,0.0000
7,75.45,1.000,0.0000
8,75.45,0.606,0.0000
9,75.45,0.000,0.0000
10,75.45,0.000,0.0000
11,75.45,1.000,0.0000
12,75.45,0.000,0.0000
13,75.45,0.032,0.0000
14,75.45,0.819,0.0000
15,75.45,1.000,0.0000
16,75.45,0.000,0.0000
17,75.45,0.000,0.0000
18,75.45,0.000,0.0000
19,75.63,0.000,-0.0000
20,75.61,0.000,-0.0029
21,75.60,0.000,-0.0000
22,75.60,0.000,0.0000
23,75.66,0.886,0.0377
24,75.83,0.000,0.0259
25,75.85,0.000,-0.0061
26,75.74,0.000,-0.0229
27,75.61,0.000,-0.0220
28,75.64,0.805,0.0280
29,75.81,0.768,0.0455
30,76.04,0.346,0.0629
31,76.34,1.000,0.0998
32,76.84,0.000,0.1182
33,77.30,1.000,0.1366
34,78.01,0.932,0.2051
35,78.96,0.569,0.2506
36,79.98,0.000,0.2460
37,80.88,0.000,0.2109
38,81.68,0.503,0.2027
39,82.50,0.000,0.1946
40,83.24,0.632,0.1935
41,84.04,0.000,0.1924
42,84.73,0.000,0.1573
43,85.32,0.621,0.1556
44,85.98,0.000,0.1539
45,86.51,0.000,0.1188
46,86.90,0.000,0.0836
47,87.15,0.000,0.0485
48,87.34,1.000,0.0673
49,87.71,0.000,0.0862
50,87.97,0.000,0.0510
51,88.12,0.449,0.0402
52,88.28,0.000,0.0293
53,88.32,0.000,-0.0039
54,88.21,0.000,-0.0273
55,87.97,0.000,-0.0507
56,87.60,0.277,-0.0642
57,87.25,1.000,-0.0416
58,87.13,0.410,-0.0141
59,87.05,0.174,-0.0165
60,86.90,0.000,-0.0336
61,86.62,0.000,-0.0570
62,86.19,0.000,-0.0804
63,85.64,0.136,-0.0989
64,84.99,0.000,-0.1174
65,84.20,0.000,-0.1409
66,83.28,0.041,-0.1628
67,82.30,1.000,-0.1486
68,81.58,1.000,-0.0996
69,81.08,0.000,-0.0868
70,80.55,1.000,-0.0740
71,80.20,0.000,-0.0612
72,79.76,0.000,-0.0846
73,79.24,1.000,-0.0717
74,78.92,0.133,-0.0540
75,78.54,0.000,-0.0725
76,78.07,0.779,-0.0676
77,77.80,0.999,-0.0264
78,77.81,0.895,0.0287
79,78.02,0.279,0.0578
80,78.25,0.367,0.0581
81,78.47,0.000,0.0430
82,78.62,0.857,0.0548
83,78.99,1.000,0.1215
84,79.63,0.802,0.1853
85,80.44,0.000,0.1943
86,81.21,1.000,0.2141
87,82.17,0.118,0.2405
88,83.07,0.000,0.2118
89,83.87,0.357,0.1963
90,84.63,0.000,0.1808
91,85.34,0.839,0.1920
92,86.18,0.000,0.2031
93,86.91,0.000,0.1680
94,87.50,0.000,0.1328
95,88.02,1.000,0.1529
96,88.73,0.000,0.1730
97,89.42,1.000,0.1932
98,90.36,0.907,0.2636
99,91.50,0.000,0.2787
100,92.56,0.370,0.2640
101,93.61,0.175,0.2591
102,94.60,0.000,0.2336
103,95.45,0.000,0.1985
104,96.17,0.000,0.1633
105,96.81,0.935,0.1801
106,97.62,0.000,0.1969
107,98.33,0.053,0.1647
108,98.91,0.000,0.1325
109,99.36,0.013,0.0981
110,99.67,0.000,0.0636
111,99.92,1.000,0.0841
112,100.36,0.000,0.1046
113,100.70,0.000,0.0695
114,100.89,0.000,0.0344
115,100.95,0.000,-0.0005
116,100.92,0.780,0.0075
117,101.07,0.788,0.0598
118,101.38,0.000,0.0686
119,101.61,0.559,0.0647
120,101.96,1.000,0.1167
121,102.54,0.000,0.1374
122,103.00,0.000,0.1023
123,103.40,0.950,0.1204
124,103.99,0.109,0.1445
125,104.50,0.000,0.1155
126,104.90,0.253,0.0945
127,105.24,0.000,0.0735
128,105.53,1.000,0.0945
129,106.05,0.476,0.1422
130,106.63,0.000,0.1339
131,107.15,1.000,0.1549
132,107.88,0.000,0.1761
133,108.50,0.000,0.1409
134,108.98,0.000,0.1058
135,109.32,0.000,0.0707
136,109.54,0.243,0.0492
137,109.75,0.608,0.0620
138,110.03,0.000,0.0611
139,110.19,0.000,0.0260
140,110.24,0.303,0.0079
141,110.24,0.000,-0.0067
142,110.12,0.000,-0.0302
143,109.88,0.312,-0.0418
144,109.61,0.000,-0.0535
145,109.20,0.000,-0.0769
146,108.73,1.000,-0.0627
147,108.46,0.000,-0.0485
148,108.10,0.111,-0.0677
149,107.63,0.000,-0.0870
150,107.03,0.000,-0.1104
151,106.28,0.000,-0.1338
152,105.47,1.000,-0.1195
153,104.94,1.000,-0.0675
154,104.65,0.092,-0.0496
155,104.29,0.000,-0.0696
156,103.82,0.472,-0.0751
157,103.38,0.053,-0.0787
158,102.84,0.000,-0.1001
159,102.16,0.037,-0.1221
160,101.41,0.772,-0.1149
161,100.86,1.000,-0.0713
162,100.55,0.186,-0.0497
163,100.21,0.000,-0.0661
164,99.73,0.000,-0.0895
165,99.15,0.507,-0.0937
166,98.60,0.000,-0.0978
167,97.95,0.293,-0.1101
168,97.30,0.487,-0.1039
169,96.72,0.355,-0.0953
170,96.13,0.000,-0.1052
171,95.44,0.245,-0.1193
172,94.70,0.193,-0.1260
173,93.90,0.000,-0.1421
174,93.03,0.815,-0.1345
175,92.29,0.000,-0.1268
176,91.45,0.000,-0.1502
177,90.47,0.000,-0.1736
178,89.34,0.000,-0.1970
179,88.08,0.000,-0.2204
180,86.67,0.000,-0.2438
181,85.13,0.000,-0.2671
182,83.45,0.000,-0.2905
183,81.63,0.158,-0.3078
184,79.73,0.000,-0.3251
0,75.45,0.840,0.0000
1,75.45,1.000,0.0000
2,75.45,0.039,0.0000
3,75.45,0.368,0.0000
4,75.45,0.000,0.0000
5,75.45,0.000,0.0000
6,75.45,0.000,0.0000
7,75.45,0.464,0.0000
8,75.45,0.290,0.0000
9,75.45,0.905,0.0000
10,75.45,0.000,0.0000
11,75.45,0.000,0.0000
12,75.45,0.629,0.0000
13,75.45,0.491,0.0000
14,75.45,0.000,0.0000
15,75.45,0.117,0.0000
16,75.45,0.080,0.0000
17,75.45,0.664,0.0000
18,75.45,0.000,0.0000
19,75.63,0.000,-0.0000
20,75.63,0.182,0.0045
21,75.72,1.000,0.0500
22,76.02,0.640,0.0913
23,76.42,0.000,0.0903
24,76.76,0.838,0.0999
25,77.30,1.000,0.1630
26,78.05,0.000,0.1814
27,78.69,0.000,0.1463
28,79.26,1.000,0.1647
29,80.04,0.351,0.2020
30,80.83,0.000,0.1857
31,81.52,0.355,0.1696
32,82.25,1.000,0.2072
33,83.19,0.187,0.2358
34,84.08,0.000,0.2107
35,84.85,0.152,0.1837
36,85.53,0.000,0.1567
37,86.08,0.000,0.1216
38,86.48,0.000,0.0865
39,86.75,0.000,0.0513
40,86.87,0.000,0.0162
41,86.93,1.000,0.0349
42,87.16,0.000,0.0537
43,87.30,0.000,0.0185
44,87.29,0.000,-0.0111
45,87.14,0.000,-0.0345
46,86.87,0.340,-0.0457
47,86.58,0.000,-0.0569
48,86.17,0.205,-0.0729
49,85.69,0.000,-0.0889
50,85.12,0.614,-0.0903
51,84.60,0.000,-0.0916
52,84.00,0.415,-0.1001
53,83.39,0.000,-0.1085
54,82.71,0.707,-0.1065
55,82.19,1.000,-0.0683
56,81.88,0.000,-0.0557
57,81.46,0.000,-0.0791
58,80.91,0.000,-0.1025
59,80.21,0.000,-0.1259
60,79.37,0.000,-0.1493
61,78.43,0.502,-0.1546
62,77.52,0.076,-0.1571
63,76.51,0.000,-0.1777
64,75.61,0.998,0.0066
65,75.77,1.000,0.0573
66,76.05,0.000,0.0613
67,76.23,0.335,0.0443
68,76.46,0.980,0.0807
69,76.88,0.000,0.0988
70,77.19,0.000,0.0637
71,77.36,0.000,0.0286
72,77.40,0.000,-0.0044
73,77.31,0.323,-0.0161
74,77.19,0.000,-0.0278
75,76.97,0.381,-0.0374
76,76.73,0.000,-0.0470
77,76.37,0.000,-0.0704
78,75.92,0.770,-0.0658
79,75.63,0.000,-0.0395
80,75.61,0.000,-0.0010
81,75.61,0.000,0.0002
82,75.66,1.000,0.0374
83,75.83,0.000,0.0200
84,75.89,0.871,0.0324
85,76.17,1.000,0.0996
86,76.66,0.000,0.1193
87,77.06,0.000,0.0841
88,77.31,0.000,0.0490
89,77.50,1.000,0.0687
90,77.88,0.000,0.0884
91,78.22,1.000,0.1081
92,78.75,0.000,0.1279
93,79.24,0.795,0.1365
94,79.85,0.000,0.1451
95,80.37,0.281,0.1254
96,80.84,0.000,0.1058
97,81.18,0.000,0.0706
98,81.44,0.728,0.0756
99,81.86,1.000,0.1356
100,82.51,0.000,0.1557
101,83.05,0.000,0.1205
102,83.45,0.000,0.0854
103,83.71,0.000,0.0503
104,83.83,0.059,0.0184
105,83.83,0.000,-0.0090
106,83.71,0.173,-0.0260
107,83.54,0.467,-0.0259
108,83.39,0.000,-0.0321
109,83.11,0.000,-0.0555
110,82.77,1.000,-0.0421
111,82.62,0.000,-0.0286
112,82.37,0.000,-0.0521
113,81.97,0.000,-0.0755
114,81.44,0.000,-0.0989
115,80.76,0.000,-0.1223
116,80.00,0.711,-0.1195
117,79.35,0.218,-0.1086
118,78.65,0.000,-0.1240
119,77.83,0.000,-0.1474
120,76.86,0.000,-0.1708
121,75.81,0.728,-0.1673
122,75.69,0.459,0.0474
123,75.80,0.108,0.0113
124,75.83,0.723,0.0195
125,75.96,0.000,0.0245
126,75.98,0.000,-0.0071
127,75.85,0.000,-0.0305
128,75.66,0.225,-0.0243
129,75.61,0.248,0.0004
130,75.61,0.000,-0.0025
131,75.62,0.463,0.0135
132,75.74,1.000,0.0467
133,75.96,0.000,0.0490
134,76.15,1.000,0.0696
135,76.53,0.000,0.0903
136,76.81,0.000,0.0551
137,76.95,0.000,0.0200
138,76.95,0.000,-0.0101
139,76.81,0.000,-0.0335
140,76.55,0.402,-0.0420
141,76.30,0.000,-0.0504
142,75.92,0.101,-0.0701
143,75.60,0.000,0.0148
144,75.61,0.000,-0.0018
145,75.61,0.266,0.0036
146,75.62,0.000,-0.0041
147,75.66,1.000,0.0379
148,75.91,1.000,0.0844
149,76.28,0.000,0.1111
150,76.69,0.000,0.0702
151,76.89,0.000,0.0350
152,76.96,1.000,0.0303
153,77.18,0.000,0.0512
154,77.31,0.000,0.0161
155,77.33,0.495,0.0087
156,77.37,0.023,0.0027
157,77.38,1.000,0.0250
158,77.59,0.094,0.0513
159,77.73,0.000,0.0215
160,77.74,0.000,-0.0091
161,77.60,0.000,-0.0325
162,77.32,0.000,-0.0559
163,76.91,0.000,-0.0793
164,76.42,0.910,-0.0686
165,76.14,0.687,-0.0321
166,76.00,0.000,-0.0297
167,75.74,0.000,-0.0508
168,75.61,0.771,0.0089
169,75.69,0.000,0.0072
170,75.65,0.000,-0.0124
171,75.61,0.000,0.0002
172,75.61,0.173,0.0001
173,75.61,0.000,0.0000
174,75.61,0.000,-0.0001
175,75.61,0.000,-0.0002
176,75.61,0.262,0.0032
177,75.62,0.000,-0.0046
178,75.61,0.000,-0.0003
179,75.60,0.000,-0.0003
180,75.66,1.000,0.0382
181,75.91,1.000,0.0854
182,76.41,0.668,0.1447
183,77.03,0.000,0.1474
184,77.61,1.000,0.1690
185,78.40,0.000,0.1907
186,79.08,0.000,0.1555
0,75.45,0.938,-0.0000
1,75.45,0.000,-0.0000
2,75.45,0.934,-0.0000
3,75.45,1.000,-0.0000
4,75.45,0.535,-0.0000
5,75.45,1.000,-0.0000
6,75.45,0.000,-0.0000
7,75.45,1.000,-0.0000
8,75.45,0.000,-0.0000
9,75.45,0.000,-0.0000
10,75.45,0.882,-0.0000
11,75.45,0.000,-0.0000
12,75.45,0.196,-0.0000
13,75.45,0.961,-0.0000
14,75.45,0.422,-0.0000
15,75.45,0.000,-0.0000
16,75.45,0.000,-0.0000
17,75.45,0.000,-0.0000
18,75.45,0.000,-0.0000
19,75.63,0.000,-0.0000
20,75.62,0.000,-0.0001
21,75.62,0.000,-0.0000
22,75.62,0.000,-0.0000
23,75.62,0.000,0.0000
24,75.65,0.607,0.0194
25,75.72,0.000,0.0038
26,75.74,1.000,0.0246
27,75.90,0.454,0.0454
28,76.15,1.000,0.0879
29,76.60,0.000,0.1063
30,76.95,0.143,0.0788
31,77.21,0.000,0.0513
32,77.34,0.000,0.0162
33,77.32,0.070,-0.0101
34,77.25,0.778,-0.0033
35,77.36,1.000,0.0552
36,77.67,0.000,0.0737
37,77.89,0.000,0.0386
38,77.99,0.463,0.0283
39,78.11,0.000,0.0180
40,78.14,0.641,0.0173
41,78.32,1.000,0.0704
42,78.71,0.257,0.1029
43,79.13,0.650,0.1166
44,79.71,1.000,0.1704
45,80.56,1.000,0.2432
46,81.63,0.000,0.2621
47,82.60,0.000,0.2269
48,83.43,0.118,0.1982
49,84.23,0.943,0.2204
50,85.22,0.303,0.2527
51,86.20,0.000,0.2340
52,87.06,0.000,0.1988
53,87.79,0.274,0.1785
54,88.54,0.999,0.2124
55,89.56,1.000,0.2857
56,90.87,0.819,0.3494
57,92.33,0.000,0.3588
58,93.68,0.000,0.3236
59,94.89,0.000,0.2884
60,95.97,0.000,0.2533
61,96.94,0.541,0.2476
62,97.94,0.000,0.2419
63,98.83,0.000,0.2068
64,99.65,1.000,0.2261
65,100.65,0.000,0.2455
66,101.55,0.000,0.2104
67,102.20,0.189,0.1880
68,103.06,0.630,0.1951
69,103.88,0.000,0.1944
70,104.57,0.000,0.1592
71,105.13,0.000,0.1241
72,105.56,0.294,0.1050
73,106.00,0.598,0.1187
74,106.50,0.000,0.1163
75,106.92,0.471,0.1070
76,107.37,0.298,0.1140
77,107.80,0.000,0.0952
78,108.10,0.000,0.0601
79,108.26,0.000,0.0250
80,108.35,1.000,0.0446
81,108.65,0.329,0.0824
82,108.98,0.324,0.0832
83,109.29,0.000,0.0658
84,109.47,0.000,0.0307
85,109.51,0.000,-0.0029
86,109.42,0.000,-0.0263
87,109.25,1.000,-0.0131
88,109.33,0.794,0.0439
89,109.57,0.000,0.0525
90,109.70,0.000,0.0173
91,109.76,1.000,0.0373
92,110.01,0.000,0.0573
93,110.15,0.000,0.0222
94,110.16,0.000,-0.0086
95,110.09,0.822,-0.0018
96,110.18,0.451,0.0324
97,110.38,1.000,0.0775
98,110.87,1.000,0.1530
99,111.63,0.670,0.2104
100,112.57,0.704,0.2515
101,113.70,1.000,0.3110
102,115.08,0.460,0.3570
103,116.53,0.253,0.3615
104,117.99,0.668,0.3776
105,119.61,1.000,0.4354
106,121.53,1.000,0.5118
107,123.68,0.000,0.5324
108,125.81,1.000,0.5531
109,128.14,0.287,0.5899
110,130.47,0.000,0.5707
111,132.67,0.000,0.5354
112,134.73,0.000,0.5002
113,136.70,0.625,0.5000
114,138.80,0.901,0.5503
115,141.15,0.782,0.6096
116,143.68,0.377,0.6395
117,146.22,0.000,0.6254
118,148.66,0.229,0.6030
119,151.06,0.391,0.6026
120,153.54,1.000,0.6457
121,156.25,0.382,0.6884
122,159.00,0.000,0.6746
123,161.61,0.000,0.6392
124,164.13,0.614,0.6386
125,166.74,0.195,0.6490
126,169.29,0.000,0.6247
127,171.70,0.000,0.5894
128,173.98,0.000,0.5541
129,176.11,0.000,0.5188
130,178.13,0.391,0.5057
131,180.20,0.738,0.5344
132,182.43,0.360,0.5614
133,184.66,0.097,0.5521
134,186.88,1.000,0.5791
135,189.34,0.426,0.6248
136,191.90,0.849,0.6621
137,194.67,0.551,0.7065
138,197.56,0.579,0.7355
139,200.58,0.612,0.7681
140,203.73,0.598,0.8019
141,207.03,0.840,0.8487
142,210.53,0.396,0.8840
143,214.11,0.649,0.9083
144,217.79,0.017,0.9110
145,221.35,0.000,0.8764
146,224.77,0.000,0.8409
147,228.13,1.000,0.8628
148,231.10,0.000,0.8907
149,234.01,0.000,0.8611
150,237.37,0.000,0.8256
151,240.09,0.629,0.8202
152,242.89,0.777,0.8538
153,246.40,0.000,0.8780
154,249.84,0.135,0.8502
155,253.18,0.000,0.8225
156,256.39,0.013,0.7878
157,258.46,0.671,0.7779
158,261.68,0.910,0.8292
159,265.14,0.610,0.8816
160,268.70,0.000,0.8813
161,272.14,0.000,0.8458
162,275.46,0.234,0.8239
163,278.79,1.000,0.8600
164,282.39,0.647,0.9200
165,286.19,1.000,0.9802
166,290.22,0.000,1.0028
167,294.23,1.000,1.0255
168,298.44,0.000,1.0483
169,302.56,0.147,1.0214
170,306.61,0.309,1.0127
171,310.63,0.000,0.9955
172,314.52,0.000,0.9604
173,318.27,0.000,0.9254
174,321.95,0.830,0.9392
175,325.77,0.000,0.9532
176,329.48,0.000,0.9190
177,333.05,0.000,0.8851
178,336.47,0.000,0.8515
179,339.76,0.000,0.8183
180,342.90,0.000,0.7854
181,345.90,0.000,0.7530
182,348.80,0.440,0.7467
183,351.71,0.000,0.7410
184,354.49,0.000,0.7100
0,75.45,0.000,0.0000
1,75.45,0.758,0.0000
2,75.45,0.831,0.0000
3,75.45,0.730,0.0000
4,75.45,0.000,0.0000
5,75.45,0.586,0.0000
6,75.45,0.652,0.0000
7,75.45,0.000,0.0000
8,75.45,0.146,0.0000
9,75.45,0.000,0.0000
10,75.45,0.931,0.0000
11,75.45,0.000,0.0000
12,75.45,0.326,0.0000
13,75.45,1.000,0.0000
14,75.45,0.237,0.0000
15,75.45,0.000,0.0000
16,75.45,0.000,0.0000
17,75.45,0.129,0.0000
18,75.45,1.000,0.0000
19,75.63,0.000,-0.0000
20,75.62,0.045,-0.0014
21,75.65,0.752,0.0301
22,75.81,0.000,0.0254
23,75.90,1.000,0.0437
24,76.17,0.000,0.0619
25,76.33,0.000,0.0268
26,76.43,1.000,0.0451
27,76.78,1.000,0.1169
28,77.35,0.084,0.1398
29,77.91,0.997,0.1626
30,78.66,0.000,0.1809
31,79.33,0.476,0.1713
32,80.04,0.243,0.1747
33,80.77,1.000,0.2063
34,81.73,0.518,0.2527
35,82.75,0.000,0.2454
36,83.65,0.000,0.2103
37,84.41,0.096,0.1803
38,85.11,0.543,0.1795
39,85.89,0.599,0.2059
40,86.75,0.168,0.2121
41,87.59,0.633,0.2201
42,88.50,0.000,0.2191
43,89.30,0.000,0.1840
44,89.95,0.000,0.1488
45,90.46,0.000,0.1137
46,90.86,0.272,0.0933
47,91.20,0.000,0.0729
48,91.48,1.000,0.0918
49,92.01,1.000,0.1649
50,92.77,0.000,0.1839
51,93.43,0.000,0.1488
52,94.01,1.000,0.1678
53,94.80,0.221,0.1989
54,95.62,1.000,0.2301
55,96.64,0.000,0.2493
56,97.56,0.047,0.2167
57,98.35,0.000,0.1841
58,99.02,0.135,0.1563
59,99.65,0.901,0.1775
60,100.46,0.232,0.2040
61,101.31,1.000,0.2360
62,102.42,1.000,0.3100
63,103.82,0.719,0.3687
64,105.34,0.000,0.3729
65,106.81,0.786,0.3807
66,108.46,1.000,0.4433
67,110.34,0.000,0.4629
68,112.17,0.882,0.4761
69,114.15,0.000,0.4893
70,116.03,0.000,0.4541
71,117.76,0.000,0.4188
72,119.36,0.000,0.3836
73,120.81,0.000,0.3484
74,122.19,0.952,0.3656
75,123.78,0.436,0.4068
76,125.42,0.239,0.4087
77,127.08,0.892,0.4359
78,128.90,0.000,0.4498
79,130.69,0.969,0.4681
80,132.72,0.850,0.5334
81,134.96,0.375,0.5659
82,137.27,0.870,0.5995
83,139.82,1.000,0.6679
84,142.60,0.000,0.6880
85,145.30,0.395,0.6746
86,148.00,0.146,0.6693
87,150.69,1.000,0.6977
88,153.65,0.894,0.7678
89,156.83,0.343,0.8013
90,160.08,0.813,0.8304
91,163.48,0.148,0.8486
92,166.87,0.729,0.8621
93,170.37,0.000,0.8673
94,173.77,0.075,0.8361
95,177.04,0.000,0.8048
96,180.25,1.000,0.8254
97,183.73,1.000,0.9020
98,187.50,0.771,0.9659
99,191.43,0.000,0.9736
100,195.24,0.000,0.9380
101,198.98,1.000,0.9588
102,203.00,1.000,1.0359
103,207.32,1.000,1.1130
104,211.95,1.000,1.1903
105,216.82,0.000,1.2111
106,221.60,0.345,1.1948
107,226.36,0.000,1.1785
108,231.01,0.180,1.1529
109,235.65,1.000,1.1840
110,240.49,0.000,1.2049
111,245.30,1.000,1.2259
112,250.31,0.000,1.2469
113,255.24,0.355,1.2312
114,260.22,1.000,1.2725
115,265.42,0.000,1.2936
116,270.51,0.000,1.2577
117,275.45,0.000,1.2218
118,280.26,0.000,1.1859
119,284.92,0.000,1.1502
120,289.43,0.000,1.1145
121,293.81,0.000,1.0789
122,298.07,0.472,1.0703
123,302.36,0.000,1.0618
124,306.60,1.000,1.0836
125,311.03,0.000,1.1056
126,315.44,1.000,1.1278
127,320.05,0.000,1.1503
128,324.57,0.104,1.1216
129,329.03,0.767,1.1374
130,333.62,0.000,1.1478
131,338.17,1.000,1.1723
132,342.94,0.136,1.2057
133,347.72,1.000,1.2403
134,352.78,0.837,1.3172
135,358.02,0.000,1.3389
136,363.17,0.280,1.3309
137,368.35,1.000,1.3843
138,373.81,0.855,1.4760
139,379.49,0.343,1.5362
140,385.26,1.000,1.6122
141,391.30,0.707,1.7198
142,397.48,0.000,1.7807
143,403.54,0.000,1.8111
144,409.45,0.000,1.8518
145,415.22,0.000,1.9026
146,420.85,0.000,1.9627
147,426.33,0.000,2.0308
148,430.81,0.610,2.1168
149,433.53,0.681,2.1932
150,437.23,1.000,2.3113
151,443.00,0.422,2.5045
152,447.87,0.000,2.6162
153,450.76,0.000,2.6681
154,456.42,0.000,2.7684
155,461.97,0.366,2.8834
156,467.52,0.266,3.0062
157,473.05,0.212,3.1082
158,478.52,0.000,3.1787
159,483.89,0.469,3.2453
160,489.29,0.000,3.2925
161,494.56,0.125,3.2974
162,499.82,1.000,3.3394
163,505.36,0.906,3.4042
164,511.12,0.000,3.3841
165,516.76,0.000,3.2874
166,522.27,0.000,3.1719
167,527.66,0.445,3.0671
168,533.08,0.113,2.9547
169,538.40,0.000,2.8075
170,543.59,0.000,2.6500
171,548.64,0.000,2.4925
172,553.54,0.000,2.3379
173,558.32,0.227,2.2012
174,563.10,0.900,2.1209
175,568.15,1.000,2.0857
176,573.53,1.000,2.0569
177,579.16,0.000,1.9731
178,584.76,1.000,1.9007
179,590.60,0.310,1.8545
180,596.52,1.000,1.8194
181,602.71,0.399,1.7989
182,608.99,0.867,1.7815
183,615.54,0.956,1.8069
184,622.40,0.944,1.8458
0,75.45,0.000,0.0000
1,75.45,0.244,0.0000
2,75.45,0.000,0.0000
3,75.45,0.000,0.0000
4,75.45,0.000,0.0000
5,75.45,0.000,0.0000
6,75.45,0.000,0.0000
7,75.45,1.000,0.0000
8,75.45,0.000,0.0000
9,75.45,0.678,0.0000
10,75.45,0.645,0.0000
11,75.45,0.000,0.0000
12,75.45,0.000,0.0000
13,75.45,0.000,0.0000
14,75.45,0.000,0.0000
15,75.45,0.000,0.0000
16,75.45,0.000,0.0000
17,75.45,0.980,0.0000
18,75.45,0.323,0.0000
19,75.63,0.000,-0.0000
20,75.68,1.000,0.0443
21,75.96,0.000,0.0660
22,76.22,1.000,0.0854
23,76.65,0.000,0.1036
24,76.99,0.000,0.0685
25,77.18,0.000,0.0334
26,77.26,0.494,0.0246
27,77.37,0.000,0.0159
28,77.40,0.768,0.0218
29,77.59,0.624,0.0612
30,77.90,0.513,0.0870
31,78.31,0.761,0.1202
32,78.92,1.000,0.1796
33,79.77,0.438,0.2217
34,80.70,0.682,0.2467
35,81.72,0.000,0.2482
36,82.64,0.000,0.2131
37,83.42,0.206,0.1890
38,84.17,0.516,0.1928
39,84.95,0.000,0.1854
40,85.64,0.432,0.1736
41,86.38,0.731,0.2012
42,87.24,0.000,0.2055
43,88.02,0.553,0.2002
44,88.91,1.000,0.2490
45,90.00,0.000,0.2680
46,91.02,0.379,0.2534
47,91.86,0.000,0.2446
48,92.90,0.174,0.2131
49,93.73,0.348,0.2062
50,94.61,1.000,0.2441
51,95.76,1.000,0.3175
52,97.12,0.000,0.3367
53,98.39,0.000,0.3015
54,99.52,0.053,0.2692
55,100.52,0.000,0.2370
56,101.46,1.000,0.2562
57,102.58,0.000,0.2755
58,103.60,0.000,0.2403
59,104.56,1.000,0.2597
60,105.69,0.000,0.2790
61,106.73,0.000,0.2439
62,107.64,0.216,0.2205
63,108.55,1.000,0.2517
64,109.73,1.000,0.3259
65,111.14,0.054,0.3483
66,112.46,0.000,0.3161
67,113.71,1.000,0.3357
68,115.23,1.000,0.4102
69,116.97,0.000,0.4298
70,118.61,0.000,0.3946
71,119.87,0.055,0.3673
72,121.48,0.000,0.3303
73,122.74,0.175,0.3047
74,123.98,1.000,0.3341
75,125.45,0.466,0.3795
76,126.97,0.000,0.3700
77,128.42,0.770,0.3772
78,129.99,0.000,0.3844
79,131.45,0.000,0.3493
80,132.76,0.000,0.3141
81,133.94,0.073,0.2830
82,135.01,0.000,0.2518
83,135.97,0.535,0.2462
84,136.97,0.000,0.2405
85,137.92,1.000,0.2606
86,139.07,0.000,0.2807
87,140.18,1.000,0.3009
88,141.49,0.000,0.3211
89,142.69,0.000,0.2859
90,143.75,0.000,0.2508
91,144.67,0.000,0.2156
92,145.47,0.234,0.1935
93,146.21,0.000,0.1713
94,146.81,0.000,0.1362
95,147.78,0.000,0.0308
96,147.89,1.000,0.0511
97,148.27,1.000,0.1270
98,148.96,1.000,0.2030
99,149.87,0.000,0.2235
100,150.69,0.000,0.1884
101,151.36,0.000,0.1533
102,151.96,1.000,0.1738
103,152.76,0.000,0.1944
104,153.51,0.727,0.1998
105,154.36,0.000,0.2053
106,155.10,0.000,0.1701
107,155.70,0.000,0.1350
108,156.23,1.000,0.1557
109,156.96,0.000,0.1765
110,157.63,0.624,0.1763
111,158.42,0.709,0.2157
112,159.34,0.000,0.2203
113,160.20,0.844,0.2324
114,161.21,0.080,0.2491
115,162.14,0.000,0.2184
116,162.98,0.635,0.2189
117,163.96,1.000,0.2756
118,165.17,0.000,0.2967
119,166.32,0.522,0.2909
120,167.57,1.000,0.3414
121,169.04,0.000,0.3626
122,170.41,0.000,0.3274
123,171.64,0.000,0.2923
124,172.72,0.000,0.2571
125,173.70,0.441,0.2469
126,174.69,0.000,0.2366
127,175.59,0.422,0.2253
128,176.56,1.000,0.2706
129,177.80,0.591,0.3254
130,179.13,0.000,0.3237
131,180.39,0.694,0.3278
132,181.83,1.000,0.3887
133,183.49,0.000,0.4103
134,185.07,0.323,0.3934
135,186.62,0.000,0.3765
136,188.05,0.000,0.3414
137,189.39,0.806,0.3520
138,190.87,0.000,0.3627
139,192.25,0.132,0.3350
140,193.55,0.243,0.3212
141,194.80,0.000,0.2999
142,195.94,0.263,0.2797
143,197.02,0.000,0.2596
144,197.98,0.000,0.2244
145,198.80,0.000,0.1893
146,199.52,0.660,0.1918
147,200.41,1.000,0.2513
148,201.52,0.000,0.2733
149,202.53,0.000,0.2381
150,203.48,1.000,0.2601
151,204.63,0.000,0.2822
152,205.75,1.000,0.3043
153,207.15,1.000,0.3837
154,208.87,1.000,0.4633
155,210.83,0.000,0.4855
156,212.73,0.410,0.4739
157,214.66,0.573,0.4952
158,216.70,0.348,0.5130
159,218.81,1.000,0.5554
160,221.14,0.001,0.5779
161,223.41,0.483,0.5706
162,225.70,0.000,0.5632
163,227.94,0.953,0.5831
164,230.40,0.281,0.6192
165,232.85,0.000,0.6002
166,235.17,0.000,0.5649
167,237.34,0.000,0.5296
168,239.38,0.000,0.4944
169,241.27,0.000,0.4591
170,243.08,0.658,0.4620
171,244.97,0.000,0.4649
172,246.83,1.000,0.4877
173,248.89,0.000,0.5105
174,250.85,0.000,0.4753
175,252.70,0.436,0.4654
176,254.64,1.000,0.5136
177,256.83,0.240,0.5505
178,259.07,1.000,0.5875
179,261.54,0.168,0.6203
0,75.45,1.000,0.0000
1,75.45,1.000,0.0000
2,75.45,1.000,0.0000
3,75.45,0.000,0.0000
4,75.45,0.000,0.0000
5,75.45,0.000,0.0000
6,75.45,0.038,0.0000
7,75.45,1.000,0.0000
8,75.45,1.000,0.0000
9,75.45,1.000,0.0000
10,75.45,1.000,0.0000
11,75.45,1.000,0.0000
12,75.45,0.173,0.0000
13,75.45,0.000,0.0000
14,75.45,0.000,0.0000
15,75.45,0.000,0.0000
16,75.45,0.000,0.0000
17,75.45,0.000,0.0000
18,75.45,0.000,0.0000
19,75.63,1.000,-0.0000
20,75.80,0.335,0.0558
21,76.03,0.000,0.0479
22,76.21,1.000,0.0672
23,76.59,0.168,0.0945
24,76.91,0.000,0.0683
25,77.10,0.000,0.0332
26,77.16,0.000,-0.0013
27,77.07,0.085,-0.0217
28,76.88,0.135,-0.0373
29,76.60,0.000,-0.0559
30,76.22,0.441,-0.0636
31,75.90,1.000,-0.0356
32,75.84,0.719,0.0035
33,75.90,0.000,0.0069
34,75.84,0.000,-0.0188
35,75.74,1.000,0.0031
36,75.84,0.202,0.0170
37,75.86,0.000,-0.0048
38,75.76,0.047,-0.0211
39,75.67,0.652,-0.0031
40,75.69,0.000,-0.0019
41,75.63,0.000,-0.0127
42,75.62,0.000,-0.0001
43,75.67,0.958,0.0354
44,75.88,0.882,0.0660
45,76.24,0.223,0.0904
46,76.56,0.000,0.0673
47,76.77,0.392,0.0532
48,76.98,0.000,0.0392
49,77.12,1.000,0.0581
50,77.52,1.000,0.1310
51,78.15,0.000,0.1499
52,78.66,0.000,0.1148
53,79.11,1.000,0.1338
54,79.78,0.490,0.1793
55,80.51,0.000,0.1708
56,81.15,0.537,0.1648
57,81.89,1.000,0.2131
58,82.84,0.000,0.2322
59,83.71,0.293,0.2130
60,84.53,0.000,0.1938
61,85.23,0.000,0.1586
62,85.79,0.139,0.1311
63,86.26,0.000,0.1035
64,86.66,1.000,0.1228
65,87.29,0.480,0.1683
66,87.97,0.000,0.1592
67,88.59,1.000,0.1786
68,89.41,0.000,0.1981
69,90.12,0.000,0.1629
70,90.74,0.777,0.1702
71,91.52,0.445,0.2019
72,92.32,0.000,0.1911
73,93.01,0.000,0.1560
74,93.56,0.174,0.1304
75,94.03,0.000,0.1048
76,94.40,0.380,0.0904
77,94.79,0.675,0.1131
78,95.29,0.000,0.1149
79,95.71,0.588,0.1120
80,96.18,0.000,0.1091
81,96.54,0.000,0.0740
82,96.75,0.000,0.0388
83,96.89,0.950,0.0559
84,97.21,0.000,0.0729
85,97.49,1.000,0.0927
86,97.99,0.319,0.1302
87,98.48,0.000,0.1126
88,98.85,0.000,0.0775
89,99.08,0.000,0.0424
90,99.17,0.000,0.0073
91,99.12,0.031,-0.0174
92,98.94,0.000,-0.0397
93,98.69,0.972,-0.0274
94,98.69,1.000,0.0324
95,99.00,1.000,0.1078
96,99.53,0.000,0.1279
97,99.98,0.316,0.1102
98,100.47,1.000,0.1479
99,101.08,0.604,0.1964
100,102.08,0.475,0.2264
101,103.07,1.000,0.2731
102,104.34,1.000,0.3491
103,105.91,1.000,0.4253
104,107.79,1.000,0.5016
105,109.90,0.000,0.5221
106,111.93,0.312,0.5043
107,114.00,1.000,0.5424
108,116.29,0.210,0.5749
109,118.54,0.000,0.5513
110,120.67,0.033,0.5179
111,122.74,1.000,0.5405
112,125.00,0.000,0.5613
113,127.17,0.000,0.5260
114,129.19,0.000,0.4908
115,131.14,1.000,0.5117
116,133.30,0.000,0.5326
117,135.42,1.000,0.5535
118,137.81,1.000,0.6308
119,140.44,0.052,0.6548
120,142.99,0.000,0.6223
121,145.47,1.000,0.6434
122,148.22,0.900,0.7154
123,151.17,0.000,0.7309
124,154.05,0.531,0.7256
125,156.97,0.021,0.7215
126,159.78,0.000,0.6873
127,162.44,0.000,0.6519
128,164.97,0.000,0.6166
129,167.40,0.599,0.6152
130,169.89,0.000,0.6138
131,172.30,0.485,0.6061
132,174.81,1.000,0.6551
133,177.54,0.000,0.6765
134,180.18,0.206,0.6529
135,182.76,0.192,0.6402
136,185.28,0.059,0.6191
137,187.68,0.000,0.5872
138,189.95,0.000,0.5519
139,192.15,1.000,0.5735
140,194.55,0.000,0.5952
141,196.85,0.000,0.5599
142,199.01,0.000,0.5247
143,201.02,0.000,0.4894
144,202.90,0.000,0.4542
145,204.63,0.000,0.4190
146,206.30,1.000,0.4408
147,208.22,0.568,0.4952
148,210.24,0.164,0.5017
149,212.25,0.801,0.5217
150,214.41,0.000,0.5323
151,216.53,1.000,0.5544
152,218.92,0.807,0.6228
153,220.63,0.000,0.6455
154,222.77,1.000,0.6544
155,225.04,0.000,0.6825
156,226.82,0.000,0.6589
157,229.38,0.114,0.6279
158,231.03,0.467,0.6199
159,233.52,0.000,0.6115
160,235.95,0.792,0.6219
161,238.54,0.551,0.6640
162,241.22,0.000,0.6604
163,243.78,0.000,0.6251
164,246.26,0.710,0.6308
165,248.83,0.007,0.6369
166,251.30,0.000,0.6020
167,253.63,0.000,0.5667
168,255.81,0.000,0.5314
169,257.85,0.000,0.4962
170,259.80,0.535,0.4919
171,261.78,0.000,0.4876
172,263.65,0.000,0.4524
173,265.38,0.000,0.4172
174,267.04,1.000,0.4399
175,268.91,0.000,0.4627
176,270.73,0.578,0.4610
177,272.60,0.000,0.4593
178,274.40,0.556,0.4563
179,276.25,0.000,0.4534
180,278.06,1.000,0.4763
0,75.45,1.000,0.0000
1,75.45,0.279,0.0000
2,75.45,1.000,0.0000
3,75.45,0.000,0.0000
4,75.45,0.486,0.0000
5,75.45,0.000,0.0000
6,75.45,0.000,0.0000
7,75.45,0.000,0.0000
8,75.45,0.000,0.0000
9,75.45,1.000,0.0000
10,75.45,1.000,0.0000
11,75.45,0.000,0.0000
12,75.45,0.735,0.0000
13,75.45,0.889,0.0000
14,75.45,1.000,0.0000
15,75.45,0.376,0.0000
16,75.45,0.734,0.0000
17,75.45,0.677,0.0000
18,75.45,0.000,0.0000
19,75.63,0.146,-0.0000
20,75.64,0.000,0.0021
21,75.63,0.000,-0.0030
22,75.64,0.737,0.0231
23,75.77,0.000,0.0213
24,75.81,0.372,0.0080
25,75.89,0.929,0.0423
26,76.22,1.000,0.1102
27,76.75,0.000,0.1286
28,77.24,0.685,0.1301
29,77.86,0.886,0.1791
30,78.65,0.000,0.1914
31,79.41,1.000,0.2099
32,80.41,1.000,0.2822
33,81.68,0.494,0.3274
34,83.00,0.145,0.3266
35,84.32,1.000,0.3531
36,85.83,0.000,0.3718
37,87.24,0.000,0.3367
38,88.51,0.148,0.3095
39,89.77,1.000,0.3362
40,91.24,0.392,0.3762
41,92.80,1.000,0.4163
42,94.57,0.000,0.4352
43,96.30,1.000,0.4541
44,98.25,0.483,0.4993
45,100.32,1.000,0.5446
46,102.60,0.027,0.5650
47,104.78,0.000,0.5312
48,106.89,0.826,0.5409
49,109.15,0.475,0.5764
50,111.50,0.504,0.5945
51,113.88,0.000,0.5866
52,116.15,0.000,0.5513
53,118.31,0.491,0.5428
54,120.56,1.000,0.5890
55,123.01,0.000,0.6083
56,125.36,0.000,0.5730
57,127.60,0.353,0.5570
58,129.81,0.000,0.5410
59,131.89,0.000,0.5058
60,133.87,0.506,0.4982
61,135.94,1.000,0.5455
62,138.23,0.000,0.5650
63,140.45,0.637,0.5647
64,142.74,0.000,0.5643
65,144.92,0.000,0.5291
66,146.98,0.398,0.5157
67,149.03,0.000,0.5023
68,151.03,0.964,0.5201
69,153.28,1.000,0.5929
70,155.77,0.192,0.6232
71,158.21,0.000,0.5985
72,160.60,1.000,0.6184
73,163.17,0.000,0.6382
74,165.64,0.000,0.6029
75,167.97,0.000,0.5676
76,170.23,0.939,0.5842
77,172.71,0.755,0.6426
78,175.34,0.000,0.6491
79,177.93,1.000,0.6692
80,180.70,0.000,0.6893
81,183.41,0.456,0.6792
82,186.15,0.211,0.6810
83,188.83,0.000,0.6573
84,191.37,0.000,0.6220
85,193.84,0.863,0.6347
86,196.04,0.287,0.6639
87,199.11,0.000,0.6440
88,201.64,0.529,0.6381
89,204.24,0.468,0.6583
90,206.88,0.000,0.6491
91,209.39,0.000,0.6138
92,211.84,1.000,0.6343
93,214.55,1.000,0.7107
94,217.58,1.000,0.7872
95,220.83,0.000,0.8078
96,224.05,1.000,0.8284
97,227.50,0.464,0.8751
98,231.01,0.000,0.8657
99,234.39,0.000,0.8302
100,237.63,0.000,0.7948
101,240.72,0.000,0.7593
102,243.68,0.000,0.7239
103,246.49,0.051,0.6914
104,249.19,0.000,0.6589
105,251.74,0.000,0.6236
106,254.15,0.000,0.5883
107,256.49,0.942,0.6060
108,259.07,0.808,0.6693
109,261.89,1.000,0.7359
110,264.95,0.120,0.7638
111,267.97,0.359,0.7555
112,271.00,0.255,0.7548
113,274.01,0.371,0.7549
114,277.08,0.799,0.7858
115,280.36,0.978,0.8511
116,283.87,0.000,0.8712
117,287.27,0.000,0.8357
118,290.53,0.000,0.8004
119,293.65,0.000,0.7650
120,296.62,0.000,0.7297
121,299.53,1.000,0.7513
122,302.64,0.000,0.7730
123,305.71,0.859,0.7867
124,309.01,1.000,0.8575
125,312.54,0.000,0.8795
126,316.05,1.000,0.9017
127,319.77,0.290,0.9406
128,323.56,0.883,0.9731
129,327.53,0.000,0.9893
130,331.44,0.830,1.0029
131,335.55,0.669,1.0555
132,339.81,0.349,1.0811
133,344.07,0.000,1.0691
134,348.25,0.581,1.0714
135,352.54,0.833,1.1229
136,357.09,1.000,1.2006
137,361.86,0.000,1.2329
138,366.61,1.000,1.2678
139,371.64,1.000,1.3648
140,376.91,0.000,1.4092
141,382.08,0.000,1.4005
142,387.10,0.000,1.3969
143,391.98,0.000,1.3987
144,396.71,0.000,1.4058
145,401.31,0.000,1.4182
146,405.83,0.904,1.4892
147,410.52,0.000,1.5698
148,415.14,0.557,1.6369
149,419.82,0.000,1.7126
150,424.37,0.000,1.7612
151,428.80,0.146,1.8223
152,433.15,0.293,1.9048
153,437.47,0.000,1.9829
154,440.28,0.000,2.0241
155,443.03,0.759,2.0801
156,446.56,0.383,2.1941
157,451.52,0.000,2.3026
158,455.73,0.992,2.4263
159,460.17,0.430,2.5786
160,464.68,0.287,2.6870
161,469.17,0.000,2.7634
162,473.60,1.000,2.8724
163,478.28,0.491,3.0042
164,483.10,0.825,3.1146
165,488.15,1.000,3.2418
166,493.53,1.000,3.3623
167,499.16,0.000,3.4015
168,504.76,1.000,3.4157
169,510.65,1.000,3.4619
170,516.79,0.000,3.4200
171,522.83,0.000,3.2955
172,528.72,0.000,3.1531
173,534.54,1.000,3.0558
174,540.64,0.857,2.9917
175,546.94,0.000,2.8560
176,553.13,0.000,2.6697
177,559.18,0.000,2.4890
178,565.08,0.000,2.3173
179,570.89,0.647,2.1945
180,576.78,0.000,2.0798
0,75.45,0.000,-0.0000
1,75.45,0.000,-0.0000
2,75.45,0.000,-0.0000
3,75.45,0.000,-0.0000
4,75.45,0.440,-0.0000
5,75.45,0.540,-0.0000
6,75.45,0.000,-0.0000
7,75.45,0.000,-0.0000
8,75.45,0.000,-0.0000
9,75.45,0.070,-0.0000
10,75.45,0.000,-0.0000
11,75.45,0.000,-0.0000
12,75.45,0.406,-0.0000
13,75.45,0.450,-0.0000
14,75.45,0.000,-0.0000
15,75.45,0.000,-0.0000
16,75.45,0.000,-0.0000
17,75.45,0.521,-0.0000
18,75.45,0.690,-0.0000
19,75.63,0.280,-0.0000
20,75.73,1.000,0.0566
21,76.06,0.000,0.0801
22,76.37,1.000,0.0995
23,76.86,0.000,0.1177
24,77.26,0.128,0.0895
25,77.56,0.000,0.0612
26,77.80,1.000,0.0795
27,78.21,0.000,0.0979
28,78.52,0.000,0.0627
29,78.69,0.000,0.0276
30,78.72,0.000,-0.0050
31,78.60,0.000,-0.0284
32,78.42,1.000,-0.0161
33,78.42,0.000,-0.0038
34,78.39,1.000,0.0127
35,78.61,0.975,0.0836
36,79.09,0.854,0.1468
37,79.75,0.000,0.1576
38,80.37,1.000,0.1763
39,81.21,0.451,0.2193
40,82.15,1.000,0.2624
41,83.30,0.000,0.2812
42,84.40,0.829,0.2909
43,85.71,1.000,0.3546
44,87.22,0.000,0.3736
45,88.64,0.000,0.3384
46,89.91,0.000,0.3032
47,91.08,0.526,0.2966
48,92.27,0.000,0.2899
49,93.35,0.000,0.2548
50,94.30,0.162,0.2284
51,95.17,0.091,0.2069
52,95.98,0.751,0.2175
53,96.91,0.000,0.2231
54,97.79,0.972,0.2408
55,98.85,0.043,0.2608
56,99.82,0.000,0.2280
57,100.67,0.366,0.2127
58,101.51,0.000,0.1975
59,102.23,0.222,0.1744
60,102.89,0.000,0.1514
61,103.45,0.472,0.1419
62,104.06,0.560,0.1630
63,104.73,0.000,0.1584
64,105.35,1.000,0.1778
65,106.17,0.000,0.1973
66,106.87,0.000,0.1621
67,107.47,0.399,0.1488
68,108.12,0.926,0.1862
69,109.01,0.804,0.2457
70,110.13,1.000,0.3094
71,111.54,1.000,0.3840
72,113.18,0.000,0.4038
73,114.78,0.918,0.4190
74,116.55,0.102,0.4400
75,118.25,0.000,0.4104
76,119.87,0.867,0.4229
77,121.64,0.000,0.4355
78,123.30,0.000,0.4003
79,124.86,0.601,0.3983
80,126.53,0.686,0.4341
81,128.39,1.000,0.4920
82,130.46,0.000,0.5121
83,132.49,0.966,0.5303
84,134.74,0.387,0.5700
85,137.01,0.000,0.5562
86,139.15,0.000,0.5209
87,141.15,0.000,0.4857
88,143.09,0.985,0.5051
89,145.21,0.000,0.5245
90,147.25,0.426,0.5130
91,149.38,1.000,0.5571
92,151.72,0.124,0.5844
93,154.04,0.616,0.5904
94,156.43,0.000,0.5894
95,158.71,0.000,0.5541
96,160.84,0.000,0.5189
97,162.84,0.000,0.4836
98,164.69,0.000,0.4484
99,166.47,1.000,0.4690
100,168.45,0.000,0.4896
101,170.35,0.289,0.4705
102,172.20,0.000,0.4514
103,174.00,1.000,0.4721
104,176.07,1.000,0.5489
105,178.37,0.000,0.5696
106,180.60,0.534,0.5643
107,182.88,0.000,0.5590
108,185.03,0.000,0.5237
109,187.07,0.266,0.5034
110,189.12,1.000,0.5394
111,191.46,1.000,0.6166
112,194.10,0.984,0.6931
113,196.98,0.000,0.7133
114,199.82,1.000,0.7344
115,202.88,0.168,0.7650
116,205.96,0.898,0.7899
117,209.20,0.000,0.8053
118,212.34,0.000,0.7698
119,215.37,0.471,0.7611
120,218.42,0.000,0.7524
121,221.43,1.000,0.7738
122,224.63,0.000,0.7951
123,227.77,0.562,0.7916
124,231.03,1.000,0.8450
125,234.60,1.000,0.9234
126,238.40,0.000,0.9448
127,242.09,0.000,0.9093
128,245.71,0.859,0.9228
129,249.48,0.000,0.9363
130,253.21,0.835,0.9485
131,257.08,0.000,0.9607
132,260.89,0.688,0.9645
133,264.87,1.000,1.0256
134,269.08,0.000,1.0473
135,273.19,0.000,1.0117
136,277.23,1.000,1.0335
137,281.47,0.000,1.0554
138,285.61,0.000,1.0197
139,289.62,0.246,0.9983
140,293.58,0.000,0.9770
141,297.47,0.915,0.9942
142,301.56,0.328,1.0304
143,305.71,0.578,1.0473
144,309.92,0.000,1.0454
145,314.01,0.000,1.0102
146,318.04,1.000,1.0331
147,322.28,0.168,1.0660
148,326.48,0.000,1.0412
149,330.54,0.000,1.0071
150,334.53,0.902,1.0257
151,338.77,1.000,1.1031
152,343.25,0.000,1.1291
153,347.62,0.000,1.0979
154,351.16,0.000,1.0727
155,354.60,0.169,1.0516
156,357.31,0.416,1.0506
157,361.37,0.000,1.0479
158,365.39,1.000,1.0810
159,368.94,0.946,1.1575
160,372.67,0.000,1.1966
161,377.14,1.000,1.2388
162,381.82,0.000,1.2861
163,386.46,0.914,1.3332
164,391.28,0.057,1.3905
165,396.04,0.224,1.4133
166,397.61,0.000,1.4255
167,402.28,0.200,1.4563
168,406.88,0.000,1.4890
169,411.42,1.000,1.5752
170,416.16,0.000,1.6722
171,420.81,0.000,1.7165
172,425.39,1.000,1.8258
173,430.19,0.244,1.9611
174,435.06,1.000,2.1043
175,440.16,0.167,2.2540
176,445.22,0.000,2.3480
177,450.21,1.000,2.4921
178,455.42,0.000,2.6410
179,460.56,0.409,2.7505
180,465.70,0.000,2.8541
181,470.78,1.000,2.9829
182,476.09,0.000,3.1039
183,481.36,1.000,3.2092
184,486.92,0.906,3.3535
185,492.75,0.666,3.4573
186,498.71,0.000,3.4809
0,75.45,0.000,-0.0000
1,75.45,0.564,-0.0000
2,75.45,0.078,-0.0000
3,75.45,0.000,-0.0000
4,75.45,0.515,-0.0000
5,75.45,0.987,-0.0000
6,75.45,0.156,-0.0000
7,75.45,0.000,-0.0000
8,75.45,0.000,-0.0000
9,75.45,0.220,-0.0000
10,75.45,0.670,-0.0000
11,75.45,0.000,-0.0000
12,75.45,0.000,-0.0000
13,75.45,1.000,-0.0000
14,75.45,1.000,-0.0000
15,75.45,0.000,-0.0000
16,75.45,1.000,-0.0000
17,75.45,0.000,-0.0000
18,75.45,1.000,-0.0000
19,75.63,0.581,-0.0000
20,75.71,0.000,0.0212
21,75.76,0.000,0.0054
22,75.75,0.000,-0.0058
23,75.75,0.875,0.0253
24,75.94,0.340,0.0518
25,76.12,0.000,0.0349
26,76.25,1.000,0.0531
27,76.56,0.000,0.0714
28,76.77,0.000,0.0363
29,76.83,0.000,0.0012
30,76.75,0.000,-0.0226
31,76.59,0.840,-0.0161
32,76.56,0.000,-0.0096
33,76.43,0.000,-0.0330
34,76.20,0.780,-0.0286
35,76.10,0.195,-0.0172
36,75.95,0.000,-0.0336
37,75.68,0.000,-0.0468
38,75.66,1.000,0.0404
39,75.85,0.202,0.0344
40,75.99,0.724,0.0490
41,76.24,0.145,0.0605
42,76.50,0.975,0.0856
43,77.01,1.000,0.1568
44,77.73,0.000,0.1755
45,78.42,1.000,0.1943
46,79.35,0.798,0.2563
47,80.51,1.000,0.3183
48,81.88,0.000,0.3372
49,83.15,0.000,0.3021
50,84.29,0.155,0.2753
51,85.34,0.064,0.2520
52,86.35,1.000,0.2746
53,87.55,0.000,0.2936
54,88.71,1.000,0.3127
55,90.06,0.000,0.3319
56,91.36,0.765,0.3383
57,92.77,0.000,0.3447
58,94.10,0.471,0.3351
59,95.46,0.223,0.3377
60,96.77,0.000,0.3147
61,98.02,1.000,0.3340
62,99.53,1.000,0.4079
63,101.33,1.000,0.4820
64,103.43,1.000,0.5561
65,105.76,0.000,0.5756
66,108.00,0.331,0.5585
67,110.24,0.362,0.5612
68,112.47,0.000,0.5458
69,114.64,1.000,0.5654
70,117.01,0.097,0.5904
71,119.31,0.000,0.5604
72,121.47,0.000,0.5252
73,123.52,0.404,0.5121
74,125.63,1.000,0.5541
75,127.95,0.000,0.5739
76,130.16,0.000,0.5386
77,132.25,0.297,0.5197
78,134.35,0.651,0.5367
79,136.61,0.954,0.5901
80,139.06,0.000,0.6075
81,141.45,0.603,0.6055
82,143.98,1.000,0.6589
83,146.74,0.402,0.7012
84,149.54,0.000,0.6881
85,152.27,0.758,0.6949
86,155.10,0.000,0.7016
87,157.90,1.000,0.7218
88,160.89,0.000,0.7420
89,163.78,0.000,0.7066
90,166.59,1.000,0.7269
91,169.60,0.000,0.7472
92,172.54,0.430,0.7358
93,175.56,1.000,0.7802
94,178.78,0.000,0.8006
95,181.90,0.000,0.7652
96,184.88,0.000,0.7298
97,187.74,0.385,0.7159
98,190.64,0.557,0.7333
99,193.64,0.581,0.7616
100,196.71,0.000,0.7588
101,199.66,0.000,0.7234
102,202.48,0.107,0.6940
103,205.27,1.000,0.7208
104,208.30,0.543,0.7720
105,211.42,0.204,0.7786
106,214.55,0.834,0.8015
107,217.83,0.000,0.8130
108,221.01,0.106,0.7835
109,224.08,0.024,0.7554
110,227.02,0.000,0.7214
111,229.90,1.000,0.7424
112,232.98,0.000,0.7634
113,235.95,0.000,0.7280
114,238.78,0.000,0.6926
115,241.47,0.044,0.6597
116,244.11,1.000,0.6833
117,247.02,1.000,0.7611
118,250.18,0.070,0.7862
119,253.33,1.000,0.8114
120,256.68,0.000,0.8327
121,259.93,0.000,0.7972
122,263.03,0.000,0.7618
123,266.07,1.000,0.7832
124,269.31,0.000,0.8046
125,272.45,0.000,0.7692
126,275.46,0.226,0.7467
127,278.48,1.000,0.7811
128,281.79,1.000,0.8597
129,285.35,0.178,0.8915
130,288.86,0.000,0.8662
131,292.32,1.000,0.8880
132,296.04,0.817,0.9565
133,299.98,0.565,1.0003
134,304.00,0.000,0.9973
135,307.95,0.524,0.9921
136,311.97,0.636,1.0235
137,316.10,0.000,1.0250
138,320.16,0.675,1.0289
139,324.34,0.440,1.0585
140,328.56,0.029,1.0513
141,332.69,0.355,1.0395
142,336.88,1.000,1.0844
143,341.37,1.000,1.1674
144,346.13,0.425,1.2185
145,350.95,0.226,1.2263
146,355.79,1.000,1.2692
147,360.86,0.000,1.3016
148,365.88,0.827,1.3269
149,371.04,0.000,1.3560
150,376.09,0.000,1.3410
151,381.00,0.000,1.3301
152,385.77,0.000,1.3236
153,390.40,0.095,1.3272
154,394.93,0.184,1.3465
155,399.45,0.777,1.4116
156,402.56,0.000,1.4676
157,407.16,0.213,1.5016
158,410.20,0.000,1.5320
159,413.18,0.000,1.5525
160,416.10,0.000,1.5751
161,420.38,0.469,1.6311
162,423.96,0.188,1.7024
163,428.98,0.800,1.8221
164,433.44,0.224,1.9415
165,437.14,0.000,2.0076
166,442.16,0.000,2.0830
167,445.67,1.000,2.1762
168,447.86,0.875,2.2698
169,452.41,0.406,2.4196
170,457.06,0.759,2.5638
171,461.92,1.000,2.7449
172,467.11,1.000,2.9410
173,472.59,0.690,3.1148
174,478.22,0.000,3.2173
175,483.80,0.885,3.3123
176,489.61,0.861,3.4390
177,495.63,0.000,3.4888
178,501.56,0.372,3.4813
179,507.48,0.000,3.4459
180,513.34,1.000,3.4213
181,519.46,0.474,3.3967
182,525.64,0.000,3.2880
0,75.45,0.000,0.0000
1,75.45,0.000,0.0000
2,75.45,0.383,0.0000
3,75.45,0.000,0.0000
4,75.45,0.000,0.0000
5,75.45,1.000,0.0000
6,75.45,0.357,0.0000
7,75.45,0.000,0.0000
8,75.45,1.000,0.0000
9,75.45,1.000,0.0000
10,75.45,1.000,0.0000
11,75.45,0.000,0.0000
12,75.45,1.000,0.0000
13,75.45,0.145,0.0000
14,75.45,0.468,0.0000
15,75.45,0.000,0.0000
16,75.45,1.000,0.0000
17,75.45,0.000,0.0000
18,75.45,0.000,0.0000
19,75.63,0.755,-0.0000
20,75.81,1.000,0.0774
21,76.26,0.522,0.1308
22,76.80,0.000,0.1247
23,77.22,0.000,0.0895
24,77.50,0.096,0.0595
25,77.74,0.969,0.0813
26,78.19,0.506,0.1250
27,78.70,0.000,0.1170
28,79.14,0.741,0.1215
29,79.68,0.000,0.1261
30,80.10,0.011,0.0915
31,80.43,0.545,0.0862
32,80.79,0.000,0.0803
33,81.03,0.082,0.0496
34,81.23,1.000,0.0725
35,81.62,0.000,0.0911
36,81.97,0.956,0.1074
37,82.49,0.000,0.1236
38,82.97,1.000,0.1423
39,83.71,1.000,0.2149
40,84.72,0.704,0.2717
41,85.92,0.909,0.3236
42,87.30,0.073,0.3415
43,88.59,0.000,0.3103
44,89.75,0.000,0.2751
45,90.77,0.000,0.2400
46,91.65,0.000,0.2048
47,92.46,1.000,0.2238
48,93.45,0.000,0.2428
49,94.34,0.000,0.2077
50,95.14,0.671,0.2089
51,96.05,0.553,0.2401
52,97.10,1.000,0.2893
53,98.36,0.000,0.3084
54,99.51,0.000,0.2733
55,100.59,1.000,0.2925
56,101.94,1.000,0.3663
57,103.57,1.000,0.4402
58,105.44,0.094,0.4647
59,107.31,1.000,0.4892
60,109.36,0.000,0.5087
61,111.34,0.403,0.4954
62,113.32,0.000,0.4822
63,115.16,0.000,0.4470
64,116.90,0.401,0.4338
65,118.70,1.000,0.4754
66,120.70,0.000,0.4950
67,122.60,0.000,0.4598
68,124.35,0.000,0.4245
69,125.97,0.000,0.3893
70,127.45,0.000,0.3542
71,128.78,0.000,0.3190
72,130.05,1.000,0.3387
73,131.58,1.000,0.4135
74,133.33,0.000,0.4334
75,134.98,0.000,0.3982
76,136.49,0.000,0.3630
77,137.94,1.000,0.3829
78,139.59,0.329,0.4210
79,141.26,0.000,0.4040
80,142.82,0.466,0.3945
81,144.41,0.000,0.3850
82,145.90,0.485,0.3766
83,147.49,1.000,0.4236
84,149.35,0.923,0.4948
85,151.42,0.000,0.5107
86,153.42,0.499,0.5032
87,155.44,0.000,0.4957
88,157.34,0.000,0.4604
89,159.17,1.000,0.4807
90,161.27,1.000,0.5567
91,163.60,0.000,0.5771
92,165.90,1.000,0.5975
93,168.40,0.000,0.6180
94,170.79,0.019,0.5837
95,173.12,1.000,0.6053
96,175.64,0.000,0.6259
97,178.10,0.446,0.6155
98,180.57,0.162,0.6142
99,183.02,0.551,0.6188
100,185.59,1.000,0.6703
101,188.37,0.000,0.6910
102,191.10,0.660,0.6927
103,193.91,0.000,0.6944
104,196.61,0.000,0.6590
105,199.16,0.000,0.6237
106,201.58,0.027,0.5899
107,203.86,0.000,0.5561
108,206.05,0.596,0.5543
109,208.34,0.686,0.5912
110,210.75,0.000,0.5944
111,213.05,0.000,0.5592
112,215.21,0.032,0.5257
113,217.27,0.448,0.5175
114,219.41,1.000,0.5639
115,221.85,1.000,0.6415
116,224.59,0.952,0.7166
117,227.59,0.448,0.7604
118,230.63,0.000,0.7504
119,233.55,0.000,0.7150
120,236.38,0.713,0.7201
121,239.32,0.000,0.7252
122,242.20,0.830,0.7369
123,245.29,0.890,0.7993
124,248.57,0.000,0.8145
125,251.77,0.310,0.7967
126,254.93,0.000,0.7790
127,258.01,0.601,0.7778
128,261.15,0.000,0.7766
129,264.18,0.038,0.7434
130,267.14,0.873,0.7600
131,270.27,0.000,0.7745
132,273.29,0.083,0.7438
133,276.26,0.844,0.7614
134,279.39,0.124,0.7814
135,282.52,0.738,0.7954
136,285.78,0.294,0.8192
137,289.04,0.132,0.8082
138,292.29,1.000,0.8378
139,295.79,0.534,0.8906
140,299.42,0.692,0.9257
141,303.17,0.000,0.9302
142,306.80,0.000,0.8949
143,310.37,1.000,0.9174
144,314.16,0.205,0.9518
145,317.92,0.060,0.9322
146,321.61,0.514,0.9306
147,325.34,0.122,0.9328
148,329.07,1.000,0.9635
149,333.01,0.004,0.9877
150,336.93,1.000,1.0125
151,341.10,0.660,1.0762
152,345.47,1.000,1.1409
153,350.16,1.000,1.2270
154,355.09,0.000,1.2569
155,359.92,0.169,1.2404
156,364.68,0.000,1.2262
157,369.35,0.715,1.2466
158,374.20,1.000,1.3296
159,378.46,0.215,1.3862
160,382.71,0.000,1.3965
161,386.06,0.272,1.3992
162,391.07,0.950,1.4589
163,396.34,0.952,1.5813
164,400.01,0.269,1.6560
165,405.52,0.000,1.7004
166,410.90,0.000,1.7375
167,416.18,0.671,1.8229
168,421.61,0.754,1.9654
169,427.22,0.289,2.0989
170,432.83,0.148,2.2063
171,438.43,1.000,2.3639
172,444.33,1.000,2.5849
173,450.51,0.470,2.7850
174,456.76,0.000,2.9270
175,462.89,0.192,3.0445
176,468.95,0.000,3.1503
177,474.93,0.706,3.2704
178,481.09,1.000,3.4337
179,487.49,0.000,3.5331
180,493.78,0.000,3.5430
181,499.99,0.794,3.5693
182,506.42,0.963,3.6212
183,513.08,0.000,3.5914
0,75.45,0.000,-0.0000
1,75.45,0.000,-0.0000
2,75.45,0.000,-0.0000
3,75.45,1.000,-0.0000
4,75.45,0.381,-0.0000
5,75.45,0.000,-0.0000
6,75.45,0.447,-0.0000
7,75.45,0.000,-0.0000
8,75.45,0.000,-0.0000
9,75.45,0.000,-0.0000
10,75.45,0.056,-0.0000
11,75.45,1.000,-0.0000
12,75.45,0.000,-0.0000
13,75.45,0.000,-0.0000
14,75.45,0.000,-0.0000
15,75.45,0.000,-0.0000
16,75.45,0.000,-0.0000
17,75.45,0.000,-0.0000
18,75.45,0.752,-0.0000
19,75.63,0.000,-0.0000
20,75.61,0.000,-0.0029
21,75.61,0.000,-0.0000
22,75.67,1.000,0.0408
23,77.01,0.000,0.1971
24,77.76,0.601,0.1941
25,78.58,0.243,0.2042
26,79.43,1.000,0.2357
27,80.52,0.710,0.2922
28,81.81,1.000,0.3489
29,83.37,1.000,0.4212
30,85.22,1.000,0.4937
31,87.37,1.000,0.5663
32,89.73,0.000,0.5850
33,92.05,0.847,0.5955
34,94.57,1.000,0.6602
35,97.31,0.000,0.6790
36,99.55,0.940,0.6835
37,102.88,0.000,0.7101
38,105.64,0.000,0.6748
39,108.29,0.464,0.6646
40,110.95,0.000,0.6545
41,113.55,1.000,0.6735
42,116.39,0.621,0.7263
43,119.33,0.000,0.7248
44,122.14,0.000,0.6894
45,124.85,0.476,0.6799
46,127.65,1.000,0.7250
47,130.65,0.000,0.7442
48,133.54,0.000,0.7088
49,136.30,0.038,0.6755
50,138.92,0.000,0.6423
51,141.41,0.000,0.6070
52,143.76,0.000,0.5717
53,145.96,0.000,0.5364
54,148.02,0.000,0.5011
55,149.95,0.000,0.4659
56,151.76,0.376,0.4512
57,153.55,0.000,0.4366
58,155.26,0.728,0.4412
59,157.10,0.313,0.4630
60,158.93,0.000,0.4450
61,160.64,0.155,0.4182
62,162.26,0.000,0.3916
63,163.75,0.077,0.3606
64,165.19,1.000,0.3845
65,166.83,0.000,0.4042
66,168.37,0.000,0.3690
67,169.80,0.482,0.3603
68,171.26,0.161,0.3604
69,172.66,0.244,0.3474
70,174.01,0.000,0.3257
71,175.31,1.000,0.3455
72,176.79,0.000,0.3654
73,178.22,0.721,0.3699
74,179.83,1.000,0.4296
75,181.65,0.000,0.4496
76,183.36,0.000,0.4144
77,184.94,0.000,0.3792
78,186.41,0.527,0.3731
79,187.99,1.000,0.4223
80,189.81,0.376,0.4633
81,191.65,0.000,0.4489
82,193.37,0.000,0.4137
83,194.97,0.427,0.4022
84,196.58,0.000,0.3907
85,198.06,0.000,0.3555
86,199.44,0.596,0.3534
87,200.92,0.565,0.3827
88,202.48,0.000,0.3788
89,203.98,1.000,0.3992
90,205.70,0.165,0.4288
91,207.41,0.611,0.4368
92,209.18,0.000,0.4357
93,210.87,0.300,0.4172
94,212.57,0.857,0.4465
95,214.48,0.626,0.4940
96,216.51,0.187,0.5042
97,218.47,0.000,0.4794
98,220.33,0.315,0.4618
99,222.16,0.000,0.4442
100,223.93,1.000,0.4649
101,225.24,0.029,0.4980
102,227.23,1.000,0.5204
103,229.47,0.778,0.5849
104,231.09,1.000,0.6238
105,234.21,0.227,0.6848
106,236.49,0.578,0.6832
107,239.28,0.411,0.7067
108,242.17,0.890,0.7447
109,244.73,0.000,0.7654
110,248.26,1.000,0.7806
111,251.52,0.332,0.8205
112,254.84,0.790,0.8486
113,258.37,1.000,0.9146
114,262.21,1.000,0.9925
115,266.29,0.000,1.0137
116,270.28,0.321,0.9964
117,274.25,0.019,0.9801
118,278.12,0.387,0.9676
119,282.04,0.763,0.9976
120,286.13,0.613,1.0405
121,290.33,0.000,1.0399
122,294.40,0.000,1.0044
123,298.37,0.427,0.9933
124,302.41,1.000,1.0394
125,306.68,0.000,1.0613
126,310.91,1.000,1.0833
127,315.36,0.169,1.1152
128,319.83,1.000,1.1473
129,324.59,1.000,1.2277
130,329.60,0.000,1.2511
131,334.57,1.000,1.2751
132,339.74,0.000,1.3002
133,344.89,1.000,1.3265
134,350.24,0.000,1.3545
135,355.56,1.000,1.3846
136,361.08,0.000,1.4177
137,366.50,0.000,1.3961
138,371.85,1.000,1.4363
139,377.48,0.957,1.5381
140,383.36,0.344,1.6097
141,389.33,1.000,1.6927
142,395.54,0.270,1.7832
143,401.81,0.823,1.8757
144,408.28,0.799,2.0151
145,415.00,1.000,2.1834
146,421.96,0.000,2.3254
147,428.81,0.000,2.4229
148,435.52,0.049,2.5341
149,442.13,0.490,2.6821
150,448.85,0.975,2.8931
151,455.87,1.000,3.1421
152,463.13,0.000,3.3332
153,470.36,1.000,3.5092
154,477.82,0.284,3.6829
155,485.27,0.000,3.7652
156,492.58,0.000,3.7914
157,499.83,1.000,3.8356
158,507.28,0.000,3.8368
159,512.21,1.000,3.7943
160,518.51,0.808,3.7810
161,522.38,1.000,3.7523
162,530.26,0.000,3.6305
163,536.75,0.000,3.4608
164,540.59,0.000,3.3542
165,545.67,1.000,3.2286
166,553.50,0.804,3.1134
167,561.59,1.000,2.9920
168,569.93,0.106,2.8362
169,578.20,0.000,2.6418
170,583.64,0.213,2.5262
171,591.74,0.119,2.3868
172,599.77,0.519,2.2893
173,607.86,0.000,2.2053
174,615.84,0.414,2.1343
175,623.84,0.198,2.0903
176,631.81,0.281,2.0507
177,639.79,0.718,2.0518
178,647.95,0.685,2.0839
179,656.23,0.000,2.0778
0,75.45,0.000,-0.0000
1,75.45,1.000,-0.0000
2,75.45,0.793,-0.0000
3,75.45,0.736,-0.0000
4,75.45,0.003,-0.0000
5,75.45,0.647,-0.0000
6,75.45,0.464,-0.0000
7,75.45,0.097,-0.0000
8,75.45,1.000,-0.0000
9,75.45,1.000,-0.0000
10,75.45,0.000,-0.0000
11,75.45,0.000,-0.0000
12,75.45,0.820,-0.0000
13,75.45,0.000,-0.0000
14,75.45,0.000,-0.0000
15,75.45,0.005,-0.0000
16,75.45,0.051,-0.0000
17,75.45,0.000,-0.0000
18,75.45,0.000,-0.0000
19,75.63,1.000,-0.0000
20,75.78,0.000,0.0396
21,75.86,0.000,0.0236
22,75.91,0.327,0.0095
23,75.92,0.000,-0.0054
24,75.81,0.000,-0.0289
25,75.64,0.466,-0.0160
26,75.61,0.006,-0.0018
27,75.62,0.389,0.0095
28,75.66,0.105,0.0030
29,75.70,1.000,0.0314
30,75.85,0.000,0.0253
31,75.90,0.414,0.0124
32,75.94,0.000,-0.0004
33,75.93,1.000,0.0178
34,76.10,0.000,0.0362
35,76.16,0.000,0.0011
36,76.08,0.000,-0.0227
37,75.87,0.000,-0.0461
38,75.64,0.801,-0.0128
39,75.66,0.000,-0.0015
40,75.61,0.000,-0.0069
41,75.61,0.000,0.0001
42,75.61,0.000,-0.0000
43,75.61,0.000,0.0000
44,75.66,1.000,0.0376
45,75.83,0.000,0.0228
46,75.87,0.491,0.0141
47,75.99,0.711,0.0435
48,76.23,0.267,0.0610
49,76.43,0.000,0.0402
50,76.59,1.000,0.0589
51,76.99,1.000,0.1316
52,77.61,0.000,0.1505
53,78.13,0.007,0.1157
54,78.52,0.000,0.0810
55,78.78,0.307,0.0625
56,79.08,1.000,0.0980
57,79.59,0.384,0.1377
58,80.13,0.000,0.1233
59,80.54,0.000,0.0882
60,80.89,1.000,0.1072
61,81.41,0.000,0.1263
62,81.91,0.982,0.1444
63,82.58,0.000,0.1626
64,83.15,0.000,0.1274
65,83.58,0.054,0.0953
66,83.91,0.306,0.0797
67,84.23,0.418,0.0840
68,84.61,0.697,0.1095
69,85.10,0.000,0.1122
70,85.54,1.000,0.1316
71,86.19,0.356,0.1703
72,86.88,0.430,0.1780
73,87.59,0.000,0.1663
74,88.17,0.000,0.1312
75,88.62,0.118,0.1025
76,89.05,0.995,0.1282
77,89.73,1.000,0.2021
78,90.65,0.173,0.2311
79,91.53,0.111,0.2115
80,92.32,0.000,0.1825
81,92.97,0.085,0.1520
82,93.51,0.000,0.1215
83,93.92,0.009,0.0869
84,94.24,0.697,0.0904
85,94.72,1.000,0.1484
86,95.41,0.000,0.1682
87,96.00,0.000,0.1330
88,96.50,0.643,0.1332
89,97.07,0.000,0.1334
90,97.58,0.797,0.1421
91,98.21,0.000,0.1509
92,98.79,0.756,0.1574
93,99.52,0.691,0.2020
94,100.41,0.475,0.2312
95,101.37,0.343,0.2413
96,102.31,0.000,0.2250
97,103.13,0.000,0.1899
98,103.88,0.975,0.2086
99,104.83,0.173,0.2370
100,105.62,1.000,0.2542
101,106.59,1.000,0.3172
102,108.00,0.517,0.3662
103,109.53,0.714,0.3993
104,111.21,0.370,0.4243
105,112.96,1.000,0.4653
106,114.99,0.767,0.5285
107,117.16,0.000,0.5360
108,119.30,1.000,0.5566
109,121.70,1.000,0.6330
110,124.33,0.000,0.6536
111,126.88,0.207,0.6298
112,129.36,0.087,0.6110
113,131.78,0.503,0.6088
114,134.23,0.000,0.6016
115,136.62,1.000,0.6224
116,139.22,0.000,0.6432
117,141.73,0.295,0.6245
118,144.28,1.000,0.6619
119,147.03,0.000,0.6828
120,149.69,0.117,0.6541
121,152.28,0.479,0.6523
122,154.95,0.687,0.6826
123,157.72,0.000,0.6860
124,160.41,0.391,0.6727
125,163.10,0.000,0.6594
126,165.73,1.000,0.6805
127,168.63,1.000,0.7582
128,171.84,1.000,0.8360
129,175.37,1.000,0.9140
130,179.21,1.000,0.9921
131,183.34,0.815,1.0597
132,187.73,1.000,1.1274
133,192.34,0.000,1.1487
134,196.87,0.233,1.1262
135,201.39,0.713,1.1445
136,206.10,1.000,1.2067
137,211.09,0.781,1.2729
138,216.32,1.000,1.3391
139,221.79,0.000,1.3604
140,227.22,1.000,1.3818
141,232.89,0.478,1.4308
142,238.62,0.000,1.4221
143,244.26,0.418,1.4101
144,249.95,0.689,1.4378
145,255.75,0.000,1.4414
146,261.43,0.000,1.4052
147,267.04,1.000,1.4269
148,272.86,0.000,1.4486
149,278.63,0.818,1.4599
150,284.54,0.000,1.4711
151,290.38,0.541,1.4664
152,296.27,0.000,1.4617
153,302.04,0.138,1.4338
154,307.79,1.000,1.4642
155,313.78,0.325,1.5058
156,319.85,1.000,1.5478
157,326.21,1.000,1.6298
158,332.82,0.000,1.6544
159,339.32,0.000,1.6218
160,345.68,0.000,1.5910
161,350.87,0.000,1.5670
162,354.95,0.663,1.5620
163,360.12,0.000,1.5937
164,364.23,1.000,1.5991
165,370.54,0.000,1.6413
166,375.74,0.450,1.6497
167,383.06,0.491,1.7099
168,388.38,1.000,1.7834
169,395.04,1.000,1.9199
170,400.84,1.000,2.0466
171,408.10,1.000,2.2174
172,415.60,0.000,2.3514
173,420.55,0.000,2.4115
174,427.92,1.000,2.5755
175,435.54,0.467,2.7892
176,443.27,0.602,2.9950
177,451.08,0.000,3.1822
178,458.76,0.000,3.3293
179,466.34,0.483,3.4920
180,473.94,0.000,3.6352
181,481.41,0.000,3.7187
182,488.76,0.298,3.7832
183,496.06,0.000,3.8079
0,75.45,1.000,0.0000
1,75.45,0.000,0.0000
2,75.45,1.000,0.0000
3,75.45,0.000,0.0000
4,75.45,0.592,0.0000
5,75.45,1.000,0.0000
6,75.45,0.782,0.0000
7,75.45,0.776,0.0000
8,75.45,0.220,0.0000
9,75.45,1.000,0.0000
10,75.45,0.000,0.0000
11,75.45,1.000,0.0000
12,75.45,1.000,0.0000
13,75.45,0.740,0.0000
14,75.45,0.443,0.0000
15,75.45,0.242,0.0000
16,75.45,0.545,0.0000
17,75.45,0.000,0.0000
18,75.45,0.000,0.0000
19,75.63,0.806,-0.0000
20,75.75,0.000,0.0310
21,75.82,0.000,0.0080
22,75.85,1.000,0.0273
23,76.12,1.000,0.0989
24,76.62,0.000,0.1172
25,77.06,0.858,0.1279
26,77.47,1.000,0.1682
27,78.24,0.000,0.1866
28,78.71,0.824,0.1779
29,79.55,1.000,0.2406
30,80.64,0.422,0.2817
31,81.40,0.000,0.2810
32,82.46,0.353,0.2585
33,83.53,0.783,0.2844
34,84.72,0.000,0.2914
35,85.88,1.000,0.3100
36,87.21,0.000,0.3287
37,88.45,0.000,0.2936
38,89.20,0.714,0.2829
39,90.45,1.000,0.3402
40,91.91,0.000,0.3590
41,93.26,0.000,0.3239
42,94.55,1.000,0.3427
43,95.81,1.000,0.4036
44,97.28,0.957,0.4629
45,99.22,0.000,0.4796
46,101.13,1.000,0.4986
47,103.22,0.000,0.5177
48,105.28,1.000,0.5368
49,107.53,0.000,0.5559
50,109.73,0.838,0.5662
51,112.06,0.000,0.5766
52,114.29,0.000,0.5413
53,116.42,0.721,0.5454
54,118.72,1.000,0.6040
55,121.30,0.876,0.6712
56,124.06,0.000,0.6838
57,126.72,0.000,0.6484
58,129.30,1.000,0.6679
59,132.14,0.859,0.7344
60,135.15,0.000,0.7461
61,138.10,0.692,0.7488
62,141.21,1.000,0.8064
63,144.54,0.000,0.8259
64,147.76,0.000,0.7905
65,150.84,0.083,0.7596
66,153.88,0.821,0.7741
67,157.04,0.000,0.7839
68,160.17,1.000,0.8037
69,163.48,0.000,0.8234
70,166.69,0.000,0.7880
71,169.76,0.000,0.7526
72,172.69,0.053,0.7201
73,175.50,0.000,0.6876
74,178.17,0.000,0.6522
75,180.77,1.000,0.6722
76,183.56,0.000,0.6922
77,186.25,0.000,0.6569
78,188.84,0.664,0.6583
79,191.51,0.000,0.6598
80,194.07,0.000,0.6245
81,196.56,1.000,0.6447
82,199.24,0.000,0.6648
83,201.89,1.000,0.6851
84,204.73,0.000,0.7053
85,207.55,1.000,0.7256
86,210.63,1.000,0.8017
87,214.00,0.859,0.8700
88,217.63,1.000,0.9384
89,221.51,0.239,0.9721
90,225.36,0.000,0.9499
91,227.86,1.000,0.9449
