MET (s),Altitude (m),Apoapsis (m),Periapsis (m),Velocity (m/s),G-Force (g),Thrust (N),Mass (kg),Liquid Fuel,Oxidizer,Situation
0.1799999999711872,76.48107416694984,76.79850367456675,-598435.3485719374,2.4692122784214283,1.340212345123291,614619.25,44012.75390625,2845.83935546875,3477.77294921875,flying
1.3599999997823033,81.9477391296532,84.5555561252404,-598435.5548151258,7.133412636376458,1.4295716285705566,614653.75,43788.17578125,2826.01611328125,3454.01953125,flying
2.3599999996222323,91.27506328222807,97.98340803920291,-598435.6871719648,11.440853235383736,1.4359897375106812,614716.4375,43572.23828125,2806.581298828125,3430.26611328125,flying
3.37999999945896,105.25941146991681,118.2131927725859,-598435.7840082283,15.89779038874275,1.442260980606079,614811.4375,43351.9765625,2786.758056640625,3406.03759765625,flying
4.399999999295687,123.82186396210454,145.1861284818733,-598435.8525943415,20.415788473093063,1.448206901550293,614938.625,43131.71875,2766.934814453125,3381.80908203125,flying
5.399999999135616,146.5231734866975,178.3098348423373,-598435.8999379979,24.90145115214926,1.4537193775177002,615095.375,42915.78125,2747.500244140625,3358.055908203125,flying
6.379999998978747,173.7372877622256,218.1711466369452,-598435.9330482355,29.439823919818757,1.4589118957519531,615285.0625,42699.83984375,2728.065673828125,3334.302490234375,flying
7.399999998815474,205.5153353449423,264.8856239489978,-598435.955998276,34.02786385294608,1.4637771844863892,615508.6875,42483.8984375,2708.631103515625,3310.549072265625,flying
8.439999998649,243.4575548679568,320.8538793408079,-598435.9717763815,38.84871359197014,1.468472957611084,615778.5625,42259.3203125,2688.4189453125,3285.845458984375,flying
9.43999999848893,284.691648406093,381.8728621422779,-598435.9800892168,43.52823217299873,1.4726426601409912,616075.4375,42043.3828125,2668.984375,3262.092041015625,flying
10.439999998328858,330.62589411996305,450.0458149628248,-598435.983163679,48.24779173109555,1.4764777421951294,616410.1875,41827.44140625,2649.5498046875,3238.3388671875,flying
11.459999998165586,382.3607461604988,527.0376802765531,-598435.9816344852,53.09976535141942,1.480048418045044,616792.3125,41607.18359375,2629.7265625,3214.1103515625,flying
12.479999998002313,439.06316027475987,611.6373986381805,-598435.9757202336,57.986968822403625,1.48328697681427,617217.0,41386.92578125,2609.9033203125,3189.8818359375,flying
13.459999997845443,499.50920450896956,702.0323799771722,-598435.9648192296,62.809565079802695,1.486149549484253,617676.1875,41170.984375,2590.46875,3166.12841796875,flying
14.49999999767897,566.1475920811063,801.9011279335245,-598435.9484064352,67.75758913890064,1.4887686967849731,618190.0,40950.7265625,2570.6455078125,3141.89990234375,flying
15.4799999975221,634.939441604889,905.1982642171206,-598435.9279912355,72.53659513662244,1.491018533706665,618728.375,40739.10546875,2551.599609375,3118.62158203125,flying
16.499999997358827,711.525244106655,1020.4052371656289,-598435.8995435466,77.53423227203454,1.4930974245071411,619336.75,40518.84765625,2531.7763671875,3094.39306640625,flying
17.499999997198756,791.5690503253136,1141.0158149906201,-598435.8664886232,82.45506296283186,1.4949058294296265,619982.5,40302.90625,2512.341796875,3070.639892578125,flying
18.539999997032282,880.0450620810734,1274.5417171411682,-598435.8248675348,87.59292273847456,1.4965752363204956,620707.0,40078.328125,2492.129638671875,3045.936279296875,flying
19.499999996878614,966.4663906630594,1405.1544560954208,-598435.7806999014,92.35228068603965,1.4979503154754639,621425.375,39871.02734375,2473.472412109375,3023.133056640625,flying
20.499999996718543,1065.2540196677437,1554.6605903934687,-598435.7237546567,97.52495529549735,1.4992914199829102,622258.3125,39646.44921875,2453.260498046875,2998.429443359375,flying
21.53999999655207,1165.3230257561663,1706.3078059647232,-598435.6583177062,102.51403653278754,1.500468134880066,623114.125,39430.51171875,2433.825927734375,2974.676025390625,flying
22.539999996391998,1270.3882881619502,1865.7321107335156,-598435.5803456262,107.51773517511164,1.5016204118728638,624024.875,39214.5703125,2414.391357421875,2950.9228515625,flying
23.559999996228726,1384.9723559637787,2039.8437702655792,-598435.4860782813,112.73815196174834,1.5029425621032715,625031.1875,38989.9921875,2394.179443359375,2926.21923828125,flying
24.559999996068655,1500.278282305575,2215.3196696643718,-598435.3821021264,117.77536517206741,1.5043774843215942,626056.4375,38774.0546875,2374.744873046875,2902.4658203125,flying
25.59999999590218,1623.0892451114487,2402.526754847495,-598435.2621971318,122.93304333291194,1.5060275793075562,627161.0,38553.79296875,2354.92138671875,2878.2373046875,flying
26.57999999574531,1746.0496768255252,2590.299206149066,-598435.1339549278,127.90933245599865,1.5078181028366089,628278.4375,38342.171875,2335.87548828125,2854.958984375,flying
27.619999995578837,1881.8843968202127,2798.145872294903,-598434.98004249,133.21515033172383,1.5099594593048096,629524.75,38117.59375,2315.66357421875,2830.255615234375,flying
28.599999995421967,2014.9448489607312,3002.1918454192346,-598434.820317193,138.24080563571204,1.5122215747833252,630756.1875,37905.97265625,2296.61767578125,2806.977294921875,flying
29.639999995255494,2161.553727130522,3227.550578256487,-598434.6338065333,143.60458073554747,1.5148999691009521,632123.25,37681.3984375,2276.40576171875,2782.273681640625,flying
30.639999995095422,2307.798642879119,3452.7906631325604,-598433.6385612515,148.78429631233686,1.515483021736145,633495.8125,37465.45703125,2256.97119140625,2758.520263671875,flying
31.63999999493535,2462.291953304899,3690.393869445892,-598427.1616879363,154.03568906363,1.5117981433868408,634953.375,37245.19921875,2237.14794921875,2734.291748046875,flying
32.65999999477208,2618.941597073106,3930.981615382363,-598414.9019243207,159.15463104893507,1.5101594924926758,636437.3125,37029.2578125,2217.71337890625,2710.538330078125,flying
33.65999999461201,2783.9933321023127,4184.4459970266325,-598397.3536980611,164.36837227459756,1.5106289386749268,638005.25,36809.0,2197.89013671875,2686.31005859375,flying
34.699999994445534,2954.364635822596,4446.344483963796,-598375.5740718896,169.59466597697065,1.5126680135726929,639626.0,36588.7421875,2178.066650390625,2662.08154296875,flying
35.71999999428226,3130.0687288363697,4716.945666634361,-598350.1344599194,174.84919757933207,1.5158257484436035,641297.75,36368.484375,2158.243408203125,2637.85302734375,flying
36.71999999412219,3307.52806471067,4990.928277507541,-598321.9606913964,180.03967707401293,1.5197325944900513,642984.25,36152.54296875,2138.808837890625,2614.099609375,flying
37.73999999395892,3493.8617567472393,5279.469658112619,-598290.083874749,185.38296287312158,1.5243653059005737,644750.375,35932.28515625,2118.985595703125,2589.87109375,flying
38.759999993795645,3685.6223027965752,5577.41125443799,-598255.0656305462,190.78323713508433,1.5295429229736328,646560.625,35712.02734375,2099.162353515625,2565.642822265625,flying
39.759999993635574,3878.933911788161,5878.853655039333,-598217.6515328906,196.1394410706916,1.53510320186615,648375.625,35496.0859375,2079.7275390625,2541.889404296875,flying
40.7599999934755,4077.549291855539,6189.76275702822,-598177.1060105602,201.562691181175,1.5411076545715332,650227.75,35280.14453125,2060.29296875,2518.135986328125,flying
41.77999999331223,4285.65112020215,6516.871410803171,-598132.4034030191,207.16916427392877,1.5476738214492798,652152.0,35059.88671875,2040.4698486328125,2493.907470703125,flying
42.79999999314896,4499.3759820932755,6854.300813132082,-598084.1694039219,212.85674979196415,1.5546789169311523,654108.5,34839.62890625,2020.646484375,2469.67919921875,flying
43.819999992985686,4718.7816282243,7202.303434628528,-598032.226161598,218.63107018673938,1.5621252059936523,656094.0625,34619.3671875,2000.8232421875,2445.45068359375,flying
44.819999992825615,4939.458581545507,7554.002183838165,-597977.5087964588,224.38185909434415,1.56986403465271,658065.25,34403.4296875,1981.388671875,2421.697265625,flying
45.83999999266234,5170.2966164206155,7923.739828132559,-597917.613936793,230.34489663089207,1.578221082687378,660097.375,34183.171875,1961.5654296875,2397.46875,flying
46.83999999250227,5402.307226976845,8297.300302840536,-597854.6641896091,236.2921353886524,1.586888313293457,662107.0,33967.23046875,1942.130859375,2373.71533203125,flying
47.859999992339,5644.839606595924,8689.935290726135,-597785.8903660876,242.46767240177223,1.5962371826171875,664170.6875,33746.97265625,1922.3076171875,2349.48681640625,flying
48.85999999217893,5888.452827617177,9086.569139719126,-597713.7266987803,248.63568765891517,1.6059343814849854,666203.625,33531.03125,1902.8729248046875,2325.7333984375,flying
49.879999992015655,6142.96692944027,9503.421401412576,-597634.9974072843,255.04979261744222,1.6164019107818604,668283.0625,33310.7734375,1883.0496826171875,2301.505126953125,flying
50.879999991855584,6398.478605792159,9924.55067821499,-597552.6427397381,261.465828887129,1.627227544784546,670323.5625,33094.83203125,1863.614990234375,2277.751708984375,flying
51.89999999169231,6665.294106473215,10367.263103797333,-597463.1932277792,268.1485780485263,1.6389391422271729,672402.375,32874.57421875,1843.791748046875,2253.523193359375,flying
52.89999999153224,6938.444522784441,10822.512906689313,-597368.030920983,274.9371535826039,1.6434073448181152,674474.75,32654.31640625,1823.968505859375,2229.294921875,flying
53.91999999136897,7212.364198199124,11276.53228111309,-597269.5142780788,281.5408711752996,1.6306533813476562,676495.25,32438.375,1804.533935546875,2205.54150390625,flying
54.9199999912089,7497.831031158799,11743.627677182318,-597163.9683550633,288.10981041387095,1.6099493503570557,678538.625,32218.1171875,1784.710693359375,2181.31298828125,flying
55.939999991045624,7783.430681736092,12205.505090122926,-597055.213489051,294.41076153177,1.5957192182540894,680518.9375,32002.177734375,1765.276123046875,2157.5595703125,flying
56.93999999088555,8074.556740428554,12674.17716145108,-596940.4093558596,300.68675668657005,1.594538688659668,682471.375,31786.236328125,1745.8414306640625,2133.80615234375,flying
57.97999999071908,8383.172051687958,13173.495488930377,-596813.3606271038,307.34521149573885,1.609334111213684,684468.1875,31561.66015625,1725.62939453125,2109.1025390625,flying
58.97999999055901,8685.663114394876,13669.736272928189,-596682.5796927868,314.0150104469215,1.636493444442749,686352.75,31345.720703125,1706.19482421875,2085.34912109375,flying
59.999999990395736,9000.247978365282,14195.68556922255,-596539.4128385539,321.1778611476599,1.6709797382354736,688233.9375,31125.4609375,1686.37158203125,2061.120849609375,flying
60.999999990235665,9314.872161546722,14732.124905898236,-596388.8818791384,328.57055559615293,1.703637957572937,690021.25,30909.521484375,1666.93701171875,2037.367431640625,flying
62.01999999007239,9642.380909968051,15299.380979270907,-596224.8393099549,336.43018268445104,1.7304441928863525,691782.625,30689.26171875,1647.11376953125,2013.138916015625,flying
63.03999998990912,9976.766451842152,15887.473046622821,-596049.5946108835,344.60764771354434,1.7591397762298584,693480.875,30469.00390625,1627.29052734375,1988.910400390625,flying
64.03999998974905,10311.49716609763,16485.816457119887,-595865.9709153732,352.95818830120857,1.7894552946090698,695084.125,30253.064453125,1607.8558349609375,1965.1571044921875,flying
65.05999998958578,10660.209718409576,17119.910417829524,-595665.6102138213,361.8376420388977,1.822454571723938,696656.625,30032.8046875,1588.0325927734375,1940.9287109375,flying
66.0799999894225,11016.547203284455,17779.698134719743,-595450.9701840993,371.104150255263,1.8574917316436768,698166.8125,29812.546875,1568.209228515625,1916.7001953125,flying
67.05999998926563,11366.355211896473,18439.448117462685,-595230.224066307,380.3909556628488,1.8929375410079956,699558.6875,29600.92578125,1549.163330078125,1893.421875,flying
68.07999998910236,11738.475304366788,19154.75753008155,-594984.1751284875,390.47411196123596,1.931477427482605,700945.875,29380.666015625,1529.340087890625,1869.193359375,flying
69.09999998893909,12119.09268518968,19901.06496518734,-594720.2507720008,400.9987809591532,1.9714417457580566,702270.875,29160.408203125,1509.516845703125,1844.9649658203125,flying
70.07999998878222,12493.080475462833,20648.989890113473,-594448.6069248498,411.5388368964905,2.010892152786255,703486.25,28948.7890625,1490.470947265625,1821.6866455078125,flying
71.11999998861575,12899.17914849741,21477.60196172446,-594139.5865447264,423.193030131527,2.053609609603882,704714.625,28724.208984375,1470.259033203125,1796.983154296875,flying
72.13999998845247,13307.00946782215,22327.196252595633,-593814.25502663,435.1047791018748,2.096895694732666,705858.5,28503.951171875,1450.4356689453125,1772.754638671875,flying
73.1399999882924,13716.339091372327,23197.802570247906,-593472.3184074953,447.26088307569995,2.140700101852417,706923.3125,28288.01171875,1431.0010986328125,1749.001220703125,flying
74.15999998812913,14143.877147758962,24126.520137705724,-593098.4022674757,460.1608322126121,2.186567544937134,707953.375,28067.75390625,1411.1778564453125,1724.7728271484375,flying
75.17999998796586,14581.881408090121,25098.63959955459,-592697.3170061063,473.5766551550781,2.2332794666290283,708926.5625,27847.494140625,1391.3544921875,1700.5443115234375,flying
76.15999998780899,15012.892945742002,26075.62986008462,-592284.6634619648,486.9581267910908,2.278571128845215,709808.125,27635.873046875,1372.30859375,1677.2659912109375,flying
77.19999998764251,15481.558124113479,27160.70290510601,-591815.6216377172,501.6876227695827,2.3266055583953857,710687.0625,27411.294921875,1352.0966796875,1652.5625,flying
78.19999998748244,15943.468865527539,28252.894524396164,-591332.5911112168,516.3609159018606,2.3722846508026123,711478.625,27195.35546875,1332.662109375,1628.80908203125,flying
79.21999998731917,16426.331778505817,29418.154238154413,-590805.71695708,531.8352331863622,2.417936086654663,712233.9375,26975.09765625,1312.8387451171875,1604.5806884765625,flying
80.1999999871623,16911.51774330309,30612.464088815497,-590253.9126404359,547.4920574340548,2.4613211154937744,712926.375,26759.15625,1293.4041748046875,1580.8272705078125,flying
81.21999998699903,17408.66524734022,31859.593522131676,-589665.5134706285,563.613538089765,2.502882719039917,713573.125,26543.216796875,1273.9696044921875,1557.0738525390625,flying
82.23999998683576,17928.353581569856,33187.301628728164,-589025.9914423333,580.5143685135322,2.5429046154022217,714186.0,26322.958984375,1254.1463623046875,1532.845458984375,flying
83.25999998667248,18461.019028496812,34572.143334091175,-588345.1515230639,597.8497557250832,2.580078125,714752.1875,26102.69921875,1234.322998046875,1508.616943359375,flying
84.27999998650921,19006.891014088527,36015.25546082156,-587621.3253664153,615.5968469548147,2.615565538406372,715272.9375,25882.44140625,1214.499755859375,1484.3885498046875,flying
85.27999998634914,19555.089453503722,37488.94703615038,-586867.8308665488,633.3940668094131,2.6505348682403564,715741.125,25666.501953125,1195.065185546875,1460.6351318359375,flying
86.29999998618587,20127.755093436455,39054.884795708815,-586052.1790621142,651.955282492359,2.686391592025757,716178.0625,25446.2421875,1175.241943359375,1436.4066162109375,flying
87.279999986029,20691.008494413574,40621.846485308604,-585221.4198862902,670.1786133486829,2.721038818359375,716562.5,25234.62109375,1156.196044921875,1413.1282958984375,flying
88.31999998586252,21302.947092633927,42354.85740249907,-584286.6966430802,689.9382698812997,2.758100748062134,716936.8125,25010.04296875,1135.9840087890625,1388.4248046875,flying
89.33999998569925,21917.540282813134,44128.14696172718,-583314.0705447765,709.7420544460367,2.794811725616455,717273.5625,24789.78515625,1116.1607666015625,1364.1964111328125,flying
90.33999998553918,22534.16243451764,45941.00595885597,-582304.0120181004,729.568092756575,2.831066608428955,717574.8125,24573.845703125,1096.7261962890625,1340.4429931640625,flying
91.35999998537591,23177.697257893975,47869.76847535651,-581213.2005126374,750.2112632335754,2.8682162761688232,717853.25,24353.5859375,1076.90283203125,1316.2144775390625,flying
92.37999998521263,23836.178365029977,49883.036993897986,-580058.188350364,771.2801371407951,2.905459403991699,718103.6875,24133.328125,1057.07958984375,1291.986083984375,flying
93.37999998505256,24496.47303100687,51943.05864063441,-578860.4347426438,792.3493926543238,2.9420011043548584,718323.4375,23917.388671875,1037.64501953125,1268.232666015625,flying
94.37999998489249,25171.558601370314,54092.85530679056,-577594.8153929127,813.8278786558052,2.9785470962524414,718519.5,23701.44921875,1018.2103881835938,1244.479248046875,flying
95.39999998472922,25875.61647284974,56383.03739794786,-576230.6112970106,836.1574642654457,3.0158753395080566,718697.3125,23481.189453125,998.3870849609375,1220.250732421875,flying
96.39999998456915,26581.243923891452,58729.38586996426,-574817.8300374458,858.4666755928091,3.0530757904052734,718852.875,23265.25,978.9525146484375,1196.4974365234375,flying
97.41999998440588,27316.88691921509,61231.84005279199,-573296.212371389,881.6509444485399,3.09123158454895,718995.6875,23044.990234375,959.1292114257812,1172.2689208984375,flying
98.4199999842458,28053.920279373415,63798.551416462054,-571721.6212373328,904.8028330808506,3.128843307495117,719121.125,22829.05078125,939.6946411132812,1148.5155029296875,flying
99.43999998408253,28822.057011638186,66539.11839201278,-570027.0205972403,928.8494951923591,3.167335033416748,719234.625,22608.79296875,919.871337890625,1124.287109375,flying
100.43999998392246,29591.401390181156,69353.34403136594,-568274.7734217736,952.8484705184811,3.205160140991211,719332.5625,22392.8515625,900.436767578125,1100.53369140625,flying
101.45999998375919,30392.962113612914,72361.89338031178,-566390.4306565218,977.7600198771942,3.2438104152679443,719419.875,22172.59375,880.6134643554688,1076.3052978515625,flying
102.45999998359912,31195.534666680265,75454.81275990384,-564442.8894233459,1002.6066137397564,3.2817084789276123,719494.125,21956.65234375,861.1788940429688,1052.5518798828125,flying
103.47999998343585,32031.434141708538,78760.4839349885,-562344.2632342479,1028.3755758414106,3.3201935291290283,719559.875,21736.39453125,841.3555908203125,1028.3233642578125,flying
104.43999998328218,32834.24153610063,82014.04033019382,-560254.4057966258,1053.014832104977,3.3564469814300537,719614.0,21529.091796875,822.6984252929688,1005.5201416015625,flying
105.4999999831125,33738.891497629345,85771.40037550486,-557804.4077236031,1080.6512520882989,3.396796941757202,719667.0625,21300.1953125,802.0977172851562,980.341552734375,flying
106.51999998294923,34627.505625315476,89555.3707639972,-555291.6635726625,1107.6686325985584,3.436126470565796,719712.4375,21079.9375,782.2744750976562,956.1130981445312,flying
107.53999998278596,35533.87135032355,93509.2336391731,-552611.1627443009,1135.0975328255188,3.4759528636932373,719752.3125,20859.6796875,762.451171875,931.8846435546875,flying
108.53999998262589,36439.63755569374,97554.38107026729,-549803.8509984463,1162.3818166159915,3.5155065059661865,719786.5,20643.73828125,743.0166015625,908.1312255859375,flying
109.53999998246582,37362.28178036481,101769.58877030993,-546800.8044528182,1190.0463169506374,3.555588722229004,719816.125,20427.798828125,723.5819702148438,884.3778686523438,flying
110.55999998230254,38320.56224008417,106246.06044886995,-543515.2937356406,1218.642420069681,3.5969831943511963,719841.875,20207.541015625,703.7587280273438,860.1494140625,flying
111.57999998213927,39295.90263016289,110902.50908952684,-539983.0494064564,1247.602866304229,3.6388494968414307,719863.875,19987.28125,683.9354248046875,835.9209594726562,flying
112.5799999819792,40268.31601562863,115644.29787230573,-536258.2928524065,1276.332935279365,3.6806700229644775,719882.375,19771.341796875,664.5008544921875,812.1675415039062,flying
113.59999998181593,41276.24241132592,120661.27402220364,-532166.7566377423,1305.9607039116363,3.7242000102996826,719898.875,19551.08203125,644.6775512695312,787.9390869140625,flying
114.61999998165265,42299.82879667508,125857.62400673213,-527751.6840817914,1335.8854946325944,3.7685413360595703,719913.5625,19330.82421875,624.854248046875,763.7106323242188,flying
115.61999998149258,43317.888274813886,131121.03111764637,-523079.04825576826,1365.4779404642027,3.813117504119873,719926.5,19114.884765625,605.419677734375,739.957275390625,flying
116.63999998132931,44370.327776430524,136648.05501252273,-517925.783868611,1395.8683781536868,3.8596370220184326,719938.0,18894.625,585.596435546875,715.7288208007812,flying
117.65999998116604,45435.90530209069,142308.94938681286,-512339.6637375485,1426.3871969562056,3.907202959060669,719947.875,18674.3671875,565.7731323242188,691.5003662109375,flying
118.65999998100597,46491.49946459383,147031.8029071996,-507404.70240857184,1450.4595615049525,2.57207989692688,382119.875,18493.548828125,549.4994506835938,671.6102905273438,flying
119.6599999808459,47550.34040027985,148922.65344667574,-505481.8028129741,1456.0141429554405,0.867145299911499,127990.8984375,18424.39453125,543.2756958007812,664.0034790039062,flying
120.65999998068582,48606.551818907494,149608.48598319,-504868.99032079807,1453.9231551516086,0.2897087633609772,44113.8046875,18401.14453125,541.1830444335938,661.44580078125,flying
121.67999998052255,49679.01149326831,149956.34983075561,-504594.0536734627,1449.6916611944234,0.19133523106575012,35998.72265625,18389.921875,540.1731567382812,660.2114868164062,flying
123.1397607226827,51224.47153930529,150008.60090910876,-504552.43058194173,1441.115863885723,0.0092298723757267,0.0,18387.7890625,539.9810791015625,659.9766845703125,flying
125.13976072272635,53292.910486119334,150292.12234155205,-504364.1885757542,1430.7197878217578,0.004239019472151995,0.0,18379.150390625,539.2036743164062,659.0265502929688,flying
127.09976072276913,55297.098434099695,150281.12358127208,-504370.9464497143,1419.1386131403112,0.003106924705207348,0.0,18379.150390625,539.2036743164062,659.0265502929688,flying
129.13976072281366,57358.15509732289,150272.95003404503,-504375.9809737901,1407.2206462300544,0.0024161965120583773,0.0,18379.150390625,539.2036743164062,659.0265502929688,flying
131.1797607228582,59393.926727772574,150266.9400927698,-504379.6811326587,1395.4343502615043,0.0019672613125294447,0.0,18379.150390625,539.2036743164062,659.0265502929688,flying
133.17976072290185,61365.37152126501,150262.4549966394,-504382.42963082413,1384.0024660955592,0.0016654072096571326,0.0,18379.150390625,539.2036743164062,659.0265502929688,flying
135.21976072294638,63351.480465446366,150258.98265155463,-504384.52595069644,1372.465075349155,0.0014246113132685423,0.0,18379.150390625,539.2036743164062,659.0265502929688,flying
137.21976072299003,65274.49294828973,150256.55026940396,-504385.93058681977,1361.273239564612,0.0012126279762014747,0.0,18379.150390625,539.2036743164062,659.0265502929688,flying
139.25976072303456,67211.45626035589,150254.99123497854,-504386.71676373127,1349.9781337251488,0.001040667644701898,0.0,18379.150390625,539.2036743164062,659.0265502929688,flying
141.25976072307822,69086.53127663385,150254.1242299975,-504387.0067630379,1339.0205906648055,0.000942156242672354,0.0,18379.150390625,539.2036743164062,659.0265502929688,flying
143.16454587935732,70838.27431017533,150240.49546271423,-504387.78243351536,1328.7097874603774,0.0035726455971598625,0.0,18379.150390625,539.2036743164062,659.0265502929688,sub_orbital
144.2136181448659,71794.6533556527,150231.14752371435,-504388.3027491864,1323.0622403810248,0.00044694344978779554,0.0,18379.150390625,539.2036743164062,659.0265502929688,sub_orbital
145.23361814470263,72724.34890027589,150231.14753088832,-504388.3027594142,1317.6000380416112,0.00044243934098631144,0.0,18379.150390625,539.2036743164062,659.0265502929688,sub_orbital
146.23361814454256,73629.92048302642,150231.1475479151,-504388.302773077,1312.2724573054752,0.0004380882019177079,0.0,18379.150390625,539.2036743164062,659.0265502929688,sub_orbital
147.2336181443825,74529.66892105283,150231.1475484647,-504388.30277129594,1306.972038839821,0.00043376904795877635,0.0,18379.150390625,539.2036743164062,659.0265502929688,sub_orbital
148.25361814421922,75441.42672059778,150231.1475492299,-504388.30276795547,1301.5935102316732,0.00042942154686897993,0.0,18379.150390625,539.2036743164062,659.0265502929688,sub_orbital
149.27361814405594,76347.14457500179,150231.13241280848,-504388.3040667882,1296.2430625921593,0.00042512229993008077,0.0,18379.150390625,539.2036743164062,659.0265502929688,sub_orbital
150.27361814389587,77229.26943738118,150231.13241195364,-504388.3040701935,1291.0247296902753,0.0004209468315821141,0.0,18379.150390625,539.2036743164062,659.0265502929688,sub_orbital
151.2936181437326,78123.09086212958,150231.132413015,-504388.3040743964,1285.729691589665,0.00041673998930491507,0.0,18379.150390625,539.2036743164062,659.0265502929688,sub_orbital
152.29361814357253,78993.56965782004,150231.13241739408,-504388.30407827743,1280.5655257673209,0.000412663008319214,0.0,18379.150390625,539.2036743164062,659.0265502929688,sub_orbital
153.31361814340926,79875.53781786456,150231.13241807872,-504388.3040773857,1275.325595514043,0.00040855526458472013,0.0,18379.150390625,539.2036743164062,659.0265502929688,sub_orbital
154.33361814324599,80751.53999083897,150231.13242242706,-504388.3040773715,1270.1133888293123,0.00040448299841955304,0.0,18379.150390625,539.2036743164062,659.0265502929688,sub_orbital
155.3336181430859,81604.58633197716,150231.1324234386,-504388.3040793658,1265.0302327568181,0.00040053477277979255,0.0,18379.150390625,539.2036743164062,659.0265502929688,sub_orbital
156.35361814292264,82468.81116296607,150231.13242696365,-504388.3040773889,1259.8727397337855,0.00039656038279645145,0.0,18379.150390625,539.2036743164062,659.0265502929688,sub_orbital
157.35361814276257,83310.3269718414,150231.1183380559,-504388.30540304363,1254.8430980718688,0.0003983296628575772,0.0,18379.150390625,539.2036743164062,659.0265502929688,sub_orbital
158.56549314263975,84360.4413870622,150231.11834029877,-504388.30540218396,1248.5560172177823,0.0,0.0,18379.150390625,539.2036743164062,659.0265502929688,sub_orbital
162.85307126764383,87943.47145505878,150231.11834029877,-504388.30540218396,1227.0108831006323,0.0,0.0,18379.150390625,539.2036743164062,659.0265502929688,sub_orbital
174.03734861138219,96871.0041883929,150231.11834029877,-504388.30540218396,1172.6362734034917,0.0,0.0,18379.150390625,539.2036743164062,659.0265502929688,sub_orbital
215.05883298638219,123088.69948555203,150231.11834029877,-504388.30540218396,1005.3582556286334,0.0,0.0,18379.150390625,539.2036743164062,659.0265502929688,sub_orbital
264.4828564238778,142621.12914819934,150231.11834029877,-504388.30540218396,869.6312415452394,0.0,0.0,18379.150390625,539.2036743164062,659.0265502929688,sub_orbital
287.85922361135454,147554.86861259164,150231.11834029877,-504388.30540218396,833.1334420896478,0.0,0.0,18379.150390625,539.2036743164062,659.0265502929688,sub_orbital
297.58715329873667,148892.62664792454,150231.11834029877,-504388.30540218396,823.04537942492,0.0,0.0,18379.150390625,539.2036743164062,659.0265502929688,sub_orbital
303.24513669716544,149448.85311007837,150231.11834029877,-504388.30540218396,818.8251659618451,0.0,0.0,18379.150390625,539.2036743164062,659.0265502929688,sub_orbital
304.549199197063,149554.35146117618,150231.11834089924,-504388.3054067858,818.0229902374988,0.00016986228001769632,0.0,18379.150390625,539.2036743164062,659.0265502929688,sub_orbital
305.5691991968997,149634.5476787499,150231.11834211857,-504388.30540676124,817.4128307640163,0.00016955369210336357,0.0,18379.150390625,539.2036743164062,659.0265502929688,sub_orbital
306.58919919673644,149709.6848180598,150231.11834186374,-504388.3054053375,816.8408692769834,0.00016925040108617395,0.0,18379.150390625,539.2036743164062,659.0265502929688,sub_orbital
307.5891991965764,149778.43826206843,150231.11834170145,-504388.3054067783,816.3172529156362,0.00016897940076887608,0.0,18379.150390625,539.2036743164062,659.0265502929688,sub_orbital
308.6091991964131,149843.55894326384,150231.11834160902,-504388.30540669546,815.8210832436853,0.00016871842672117054,0.0,18379.150390625,539.2036743164062,659.0265502929688,sub_orbital
309.62919919624983,149903.4307464182,150231.04687241768,-498003.1746786044,845.1661501884954,4.0218353271484375,719999.9375,18215.037109375,524.433349609375,640.9739990234375,sub_orbital
310.62919919608976,149956.67249702942,150231.34872344392,-489071.3594437461,884.4312780780499,4.069981575012207,719999.9375,17999.095703125,504.998779296875,617.2205810546875,sub_orbital
311.6491991959265,150005.5710613022,150232.03786610486,-479294.44427049946,925.059722407112,4.120291709899902,719999.9375,17778.837890625,485.1755065917969,592.9921264648438,sub_orbital
312.6491991957664,150048.39069202775,150233.00706737058,-469001.987000974,965.4589939061543,4.170838356018066,719999.9375,17562.8984375,465.74090576171875,569.23876953125,sub_orbital
313.64919919560634,150086.3290025586,150234.1966015629,-457949.65265890793,1006.4228712657786,4.222640037536621,719999.9375,17346.958984375,446.30633544921875,545.4853515625,sub_orbital
314.66919919544307,150120.20029510953,150235.57002723555,-445824.47911352303,1048.7923178723686,4.276821136474609,719999.9375,17126.69921875,426.4830322265625,521.2568969726562,sub_orbital
315.669199195283,150148.8848979564,150237.01328751387,-433025.85365470697,1090.9118703233194,4.331303119659424,719999.9375,16910.759765625,407.0484619140625,497.5035095214844,sub_orbital
316.6891991951197,150173.75508705399,150238.52542913612,-418953.4870729475,1134.4740283577744,4.388327121734619,719999.9375,16690.5,387.22515869140625,473.2750549316406,sub_orbital
317.70919919495645,150194.43229114858,150240.01995691925,-403751.98305285425,1178.6514568911628,4.446871280670166,719999.9375,16470.2421875,367.4018859863281,449.0466003417969,sub_orbital
318.7091991947964,150210.8767184834,150241.41306960105,-387640.3710561775,1222.5700205353558,4.505803108215332,719999.9375,16254.3017578125,347.96728515625,425.293212890625,sub_orbital
319.7091991946363,150223.78273947828,150242.6815116126,-370206.4581100935,1267.1009700181835,4.566318511962891,719999.9375,16038.3623046875,328.53271484375,401.5398254394531,sub_orbital
320.70919919447624,150233.4119378958,150243.77314391406,-351306.3654387228,1312.256342727443,4.628481864929199,719999.9375,15822.421875,309.0981140136719,377.78643798828125,sub_orbital
321.72919919431297,150240.14256253862,150244.65158164361,-330345.54056632676,1358.9716852187385,4.693656921386719,719999.9375,15602.1640625,289.27484130859375,353.5579833984375,sub_orbital
322.7291991941529,150244.00338744873,150245.23099918698,-307949.9574712696,1405.429374905285,4.759359836578369,719999.9375,15386.2236328125,269.8402404785156,329.8045959472656,sub_orbital
323.7491991939896,150245.46402872144,150245.4826832119,-282988.67562516866,1453.5035183207685,4.8282976150512695,719999.9375,15165.96484375,250.0169677734375,305.5761413574219,sub_orbital
324.74919919382955,150244.78909918433,150245.3475749957,-256171.37678176974,1501.3253183536553,4.897851943969727,719999.9375,14950.025390625,230.58238220214844,281.82275390625,sub_orbital
325.7491991936695,150242.3622088303,150244.78746289364,-226716.67333029496,1549.8479166839643,4.969438076019287,719999.9375,14734.0859375,211.1477813720703,258.0693664550781,sub_orbital
326.7491991935094,150238.44283754996,150243.73308529542,-193568.6939145103,1600.081902297476,5.044643878936768,719999.9375,14513.8271484375,191.3245086669922,233.84091186523438,sub_orbital
327.76919919334614,150233.55540792516,150242.18830575864,-157571.5626508915,1650.0770526008325,5.120619297027588,719999.9375,14297.88671875,171.88990783691406,210.08750915527344,sub_orbital
328.78919919318287,150227.9031590314,150240.06600049464,-116717.88110630587,1701.8546035018564,5.200507164001465,719999.9375,14077.6279296875,152.06663513183594,185.8590545654297,sub_orbital
329.8091991930196,150221.99929707777,150237.39888925257,-70984.05115116481,1754.4453175972476,5.282928466796875,719999.9375,13857.369140625,132.24334716796875,161.63059997558594,sub_orbital
330.8091991928595,150216.39620456728,150234.35367553867,-20565.12319688569,1806.8177421410107,5.36630916595459,719999.9375,13641.4296875,112.80876159667969,137.87721252441406,sub_orbital
331.82919919269625,150211.32855707943,150231.29232878552,37635.61334651534,1861.0921079348389,5.4541120529174805,719999.9375,13421.1708984375,92.98548126220703,113.64875793457031,sub_orbital
332.849199192533,150207.400172801,150232.25667055382,104060.60257256043,1916.2564691355074,5.544836521148682,719999.9375,13200.912109375,73.16220092773438,89.42030334472656,orbiting
333.8491991923729,150204.8296344349,150262.90188760136,138908.18675329757,1942.740302233736,0.5390610098838806,53081.328125,13096.455078125,63.761016845703125,77.92996978759766,orbiting
334.84919919221284,150202.52135828778,150290.1490684253,143186.09845003684,1945.9081113619973,0.27484628558158875,31929.59765625,13084.0380859375,62.64352035522461,76.56414031982422,orbiting
335.86919919204956,150200.2322661043,150333.52819602424,145789.66373377712,1947.847237984154,0.1639644205570221,19020.93359375,13076.453125,61.96090316772461,75.72982788085938,orbiting
336.8691991918895,150198.0297535282,150394.31589565496,147288.25122148637,1948.9883377688147,0.09887481480836868,11450.1689453125,13072.001953125,61.56031036376953,75.2402114868164,orbiting
337.8891991917262,150195.81033921253,150471.90187763807,148165.97817713302,1949.6887146977688,0.059085145592689514,6824.5927734375,13069.2822265625,61.31545639038086,74.94094848632812,orbiting
338.88919919156615,150193.65115421056,150551.93798729184,148647.5518965806,1950.1026562700054,0.035724490880966187,4109.76318359375,13067.6845703125,61.17169952392578,74.76524353027344,orbiting
339.9091991914029,150191.45917518507,150623.80806558067,148919.32758914784,1950.35852863061,0.021441970020532608,2450.23974609375,13066.7080078125,61.08380126953125,74.6578140258789,orbiting
340.9291991912396,150189.2733351268,150678.51266452018,149069.6007382403,1950.5138798277778,0.012927310541272163,1461.00390625,13066.1259765625,61.031394958496094,74.59376525878906,orbiting
341.92919919107953,150187.1335860116,150715.69570905447,149152.83379198553,1950.6078429980073,0.007927278988063335,880.1365966796875,13065.783203125,61.000614166259766,74.55614471435547,orbiting
342.94919919091626,150184.9521061487,150728.281132831,149178.19694591267,1950.642250605464,0.0003515849239192903,0.0,13065.67578125,60.99091339111328,74.5442886352539,orbiting
343.9491991907562,150182.8117282259,150728.28114503692,149178.1969518254,1950.6490663405912,0.00035159345134161413,0.0,13065.67578125,60.99091339111328,74.5442886352539,orbiting
344.9691991905929,150180.62655736262,150728.2811380243,149178.19695497176,1950.6560247117684,0.0003515942662488669,0.0,13065.67578125,60.99091339111328,74.5442886352539,orbiting
